--------------------------------------------------------
--  파일이 생성됨 - 월요일-2월-01-2021   
--------------------------------------------------------
DROP SEQUENCE "XE"."SEQ_BNO";
DROP SEQUENCE "XE"."SEQ_RNO";
DROP TABLE "XE"."TBL_ATTACH";
DROP TABLE "XE"."TBL_BOARD";
DROP TABLE "XE"."TBL_BOARD_TYPE";
DROP TABLE "XE"."TBL_MEMBER";
DROP TABLE "XE"."TBL_REPLY";
DROP PROCEDURE "XE"."PROC_BOARD_INSERT";
DROP PROCEDURE "XE"."PROC_MEMBER_INSERT";
DROP FUNCTION "XE"."CUSTOM_AUTH";
DROP FUNCTION "XE"."CUSTOM_HASH";
--------------------------------------------------------
--  DDL for Sequence SEQ_BNO
--------------------------------------------------------

   CREATE SEQUENCE  "XE"."SEQ_BNO"  MINVALUE 1 MAXVALUE 9999999999999999999999999999 INCREMENT BY 1 START WITH 101 CACHE 20 NOORDER  NOCYCLE ;
--------------------------------------------------------
--  DDL for Sequence SEQ_RNO
--------------------------------------------------------

   CREATE SEQUENCE  "XE"."SEQ_RNO"  MINVALUE 1 MAXVALUE 9999999999999999999999999999 INCREMENT BY 1 START WITH 1 CACHE 20 NOORDER  NOCYCLE ;
--------------------------------------------------------
--  DDL for Table TBL_ATTACH
--------------------------------------------------------

  CREATE TABLE "XE"."TBL_ATTACH" 
   (	"SAVE_FILE_NAME" VARCHAR2(255 BYTE), 
	"REAL_FILE_NAME" VARCHAR2(255 BYTE), 
	"REG_DATE" TIMESTAMP (6), 
	"BNO" NUMBER(11,0)
   ) SEGMENT CREATION IMMEDIATE 
  PCTFREE 10 PCTUSED 40 INITRANS 1 MAXTRANS 255 NOCOMPRESS LOGGING
  STORAGE(INITIAL 65536 NEXT 1048576 MINEXTENTS 1 MAXEXTENTS 2147483645
  PCTINCREASE 0 FREELISTS 1 FREELIST GROUPS 1 BUFFER_POOL DEFAULT FLASH_CACHE DEFAULT CELL_FLASH_CACHE DEFAULT)
  TABLESPACE "USERS" ;
--------------------------------------------------------
--  DDL for Table TBL_BOARD
--------------------------------------------------------

  CREATE TABLE "XE"."TBL_BOARD" 
   (	"BNO" NUMBER(11,0), 
	"BOARD_TYPE" VARCHAR2(20 BYTE), 
	"TITLE" VARCHAR2(200 BYTE), 
	"CONTENT" CLOB, 
	"WRITER" VARCHAR2(50 BYTE), 
	"VIEW_COUNT" NUMBER(11,0), 
	"REPLY_COUNT" NUMBER(11,0), 
	"REG_DATE" TIMESTAMP (6), 
	"UPDATE_DATE" TIMESTAMP (6)
   ) SEGMENT CREATION IMMEDIATE 
  PCTFREE 10 PCTUSED 40 INITRANS 1 MAXTRANS 255 NOCOMPRESS LOGGING
  STORAGE(INITIAL 65536 NEXT 1048576 MINEXTENTS 1 MAXEXTENTS 2147483645
  PCTINCREASE 0 FREELISTS 1 FREELIST GROUPS 1 BUFFER_POOL DEFAULT FLASH_CACHE DEFAULT CELL_FLASH_CACHE DEFAULT)
  TABLESPACE "USERS" 
 LOB ("CONTENT") STORE AS BASICFILE (
  TABLESPACE "USERS" ENABLE STORAGE IN ROW CHUNK 8192 RETENTION 
  NOCACHE LOGGING 
  STORAGE(INITIAL 65536 NEXT 1048576 MINEXTENTS 1 MAXEXTENTS 2147483645
  PCTINCREASE 0 FREELISTS 1 FREELIST GROUPS 1 BUFFER_POOL DEFAULT FLASH_CACHE DEFAULT CELL_FLASH_CACHE DEFAULT)) ;
--------------------------------------------------------
--  DDL for Table TBL_BOARD_TYPE
--------------------------------------------------------

  CREATE TABLE "XE"."TBL_BOARD_TYPE" 
   (	"BOARD_TYPE" VARCHAR2(45 BYTE), 
	"BOARD_NAME" VARCHAR2(45 BYTE), 
	"BOARD_SUN" NUMBER
   ) SEGMENT CREATION IMMEDIATE 
  PCTFREE 10 PCTUSED 40 INITRANS 1 MAXTRANS 255 NOCOMPRESS LOGGING
  STORAGE(INITIAL 65536 NEXT 1048576 MINEXTENTS 1 MAXEXTENTS 2147483645
  PCTINCREASE 0 FREELISTS 1 FREELIST GROUPS 1 BUFFER_POOL DEFAULT FLASH_CACHE DEFAULT CELL_FLASH_CACHE DEFAULT)
  TABLESPACE "USERS" ;

   COMMENT ON COLUMN "XE"."TBL_BOARD_TYPE"."BOARD_TYPE" IS '게시판 타입:예,notice,gallery qna';
   COMMENT ON COLUMN "XE"."TBL_BOARD_TYPE"."BOARD_SUN" IS '게시판 출력 순서';
--------------------------------------------------------
--  DDL for Table TBL_MEMBER
--------------------------------------------------------

  CREATE TABLE "XE"."TBL_MEMBER" 
   (	"USER_ID" VARCHAR2(50 BYTE), 
	"USER_PW" VARCHAR2(255 BYTE), 
	"USER_NAME" VARCHAR2(50 BYTE), 
	"EMAIL" VARCHAR2(100 BYTE), 
	"POINT" NUMBER(11,0), 
	"ENABLED" NUMBER(1,0), 
	"LEVELS" VARCHAR2(50 BYTE), 
	"REG_DATE" TIMESTAMP (6), 
	"UPDATE_DATE" TIMESTAMP (6)
   ) SEGMENT CREATION IMMEDIATE 
  PCTFREE 10 PCTUSED 40 INITRANS 1 MAXTRANS 255 NOCOMPRESS LOGGING
  STORAGE(INITIAL 65536 NEXT 1048576 MINEXTENTS 1 MAXEXTENTS 2147483645
  PCTINCREASE 0 FREELISTS 1 FREELIST GROUPS 1 BUFFER_POOL DEFAULT FLASH_CACHE DEFAULT CELL_FLASH_CACHE DEFAULT)
  TABLESPACE "USERS" ;

   COMMENT ON COLUMN "XE"."TBL_MEMBER"."USER_ID" IS '사용자 아이디';
   COMMENT ON COLUMN "XE"."TBL_MEMBER"."EMAIL" IS '이메일';
   COMMENT ON COLUMN "XE"."TBL_MEMBER"."POINT" IS '포인트';
   COMMENT ON COLUMN "XE"."TBL_MEMBER"."ENABLED" IS '스프링시큐리티 인증결과';
   COMMENT ON COLUMN "XE"."TBL_MEMBER"."REG_DATE" IS '등록 일시';
   COMMENT ON COLUMN "XE"."TBL_MEMBER"."UPDATE_DATE" IS '수정일시';
--------------------------------------------------------
--  DDL for Table TBL_REPLY
--------------------------------------------------------

  CREATE TABLE "XE"."TBL_REPLY" 
   (	"RNO" NUMBER(11,0), 
	"REPLY_TEXT" VARCHAR2(1000 BYTE), 
	"REPLYER" VARCHAR2(50 BYTE), 
	"REG_DATE" TIMESTAMP (6), 
	"UPDATE_DATE" TIMESTAMP (6), 
	"BNO" NUMBER(11,0)
   ) SEGMENT CREATION IMMEDIATE 
  PCTFREE 10 PCTUSED 40 INITRANS 1 MAXTRANS 255 NOCOMPRESS LOGGING
  STORAGE(INITIAL 65536 NEXT 1048576 MINEXTENTS 1 MAXEXTENTS 2147483645
  PCTINCREASE 0 FREELISTS 1 FREELIST GROUPS 1 BUFFER_POOL DEFAULT FLASH_CACHE DEFAULT CELL_FLASH_CACHE DEFAULT)
  TABLESPACE "USERS" ;
REM INSERTING into XE.TBL_ATTACH
SET DEFINE OFF;
REM INSERTING into XE.TBL_BOARD
SET DEFINE OFF;
Insert into XE.TBL_BOARD (BNO,BOARD_TYPE,TITLE,WRITER,VIEW_COUNT,REPLY_COUNT,REG_DATE,UPDATE_DATE) values (1,'notice','공지사항게시물테스트','관리자',null,null,to_timestamp('21/02/01 12:21:03.000000000','RR/MM/DD HH24:MI:SSXFF'),to_timestamp('21/02/01 12:21:03.000000000','RR/MM/DD HH24:MI:SSXFF'));
Insert into XE.TBL_BOARD (BNO,BOARD_TYPE,TITLE,WRITER,VIEW_COUNT,REPLY_COUNT,REG_DATE,UPDATE_DATE) values (2,'notice','공지사항게시물테스트','관리자',null,null,to_timestamp('21/02/01 12:21:04.000000000','RR/MM/DD HH24:MI:SSXFF'),to_timestamp('21/02/01 12:21:04.000000000','RR/MM/DD HH24:MI:SSXFF'));
Insert into XE.TBL_BOARD (BNO,BOARD_TYPE,TITLE,WRITER,VIEW_COUNT,REPLY_COUNT,REG_DATE,UPDATE_DATE) values (3,'notice','공지사항게시물테스트','관리자',null,null,to_timestamp('21/02/01 12:21:05.000000000','RR/MM/DD HH24:MI:SSXFF'),to_timestamp('21/02/01 12:21:05.000000000','RR/MM/DD HH24:MI:SSXFF'));
Insert into XE.TBL_BOARD (BNO,BOARD_TYPE,TITLE,WRITER,VIEW_COUNT,REPLY_COUNT,REG_DATE,UPDATE_DATE) values (4,'notice','공지사항게시물테스트','관리자',null,null,to_timestamp('21/02/01 12:21:06.000000000','RR/MM/DD HH24:MI:SSXFF'),to_timestamp('21/02/01 12:21:06.000000000','RR/MM/DD HH24:MI:SSXFF'));
Insert into XE.TBL_BOARD (BNO,BOARD_TYPE,TITLE,WRITER,VIEW_COUNT,REPLY_COUNT,REG_DATE,UPDATE_DATE) values (5,'notice','공지사항게시물테스트','관리자',null,null,to_timestamp('21/02/01 12:21:07.000000000','RR/MM/DD HH24:MI:SSXFF'),to_timestamp('21/02/01 12:21:07.000000000','RR/MM/DD HH24:MI:SSXFF'));
Insert into XE.TBL_BOARD (BNO,BOARD_TYPE,TITLE,WRITER,VIEW_COUNT,REPLY_COUNT,REG_DATE,UPDATE_DATE) values (6,'notice','공지사항게시물테스트','관리자',null,null,to_timestamp('21/02/01 12:21:08.000000000','RR/MM/DD HH24:MI:SSXFF'),to_timestamp('21/02/01 12:21:08.000000000','RR/MM/DD HH24:MI:SSXFF'));
Insert into XE.TBL_BOARD (BNO,BOARD_TYPE,TITLE,WRITER,VIEW_COUNT,REPLY_COUNT,REG_DATE,UPDATE_DATE) values (7,'notice','공지사항게시물테스트','관리자',null,null,to_timestamp('21/02/01 12:21:09.000000000','RR/MM/DD HH24:MI:SSXFF'),to_timestamp('21/02/01 12:21:09.000000000','RR/MM/DD HH24:MI:SSXFF'));
Insert into XE.TBL_BOARD (BNO,BOARD_TYPE,TITLE,WRITER,VIEW_COUNT,REPLY_COUNT,REG_DATE,UPDATE_DATE) values (8,'notice','공지사항게시물테스트','관리자',null,null,to_timestamp('21/02/01 12:21:10.000000000','RR/MM/DD HH24:MI:SSXFF'),to_timestamp('21/02/01 12:21:10.000000000','RR/MM/DD HH24:MI:SSXFF'));
Insert into XE.TBL_BOARD (BNO,BOARD_TYPE,TITLE,WRITER,VIEW_COUNT,REPLY_COUNT,REG_DATE,UPDATE_DATE) values (9,'notice','공지사항게시물테스트','관리자',null,null,to_timestamp('21/02/01 12:21:11.000000000','RR/MM/DD HH24:MI:SSXFF'),to_timestamp('21/02/01 12:21:11.000000000','RR/MM/DD HH24:MI:SSXFF'));
Insert into XE.TBL_BOARD (BNO,BOARD_TYPE,TITLE,WRITER,VIEW_COUNT,REPLY_COUNT,REG_DATE,UPDATE_DATE) values (10,'notice','공지사항게시물테스트','관리자',null,null,to_timestamp('21/02/01 12:21:12.000000000','RR/MM/DD HH24:MI:SSXFF'),to_timestamp('21/02/01 12:21:12.000000000','RR/MM/DD HH24:MI:SSXFF'));
Insert into XE.TBL_BOARD (BNO,BOARD_TYPE,TITLE,WRITER,VIEW_COUNT,REPLY_COUNT,REG_DATE,UPDATE_DATE) values (11,'notice','공지사항게시물테스트','관리자',null,null,to_timestamp('21/02/01 12:21:13.000000000','RR/MM/DD HH24:MI:SSXFF'),to_timestamp('21/02/01 12:21:13.000000000','RR/MM/DD HH24:MI:SSXFF'));
Insert into XE.TBL_BOARD (BNO,BOARD_TYPE,TITLE,WRITER,VIEW_COUNT,REPLY_COUNT,REG_DATE,UPDATE_DATE) values (12,'notice','공지사항게시물테스트','관리자',null,null,to_timestamp('21/02/01 12:21:14.000000000','RR/MM/DD HH24:MI:SSXFF'),to_timestamp('21/02/01 12:21:14.000000000','RR/MM/DD HH24:MI:SSXFF'));
Insert into XE.TBL_BOARD (BNO,BOARD_TYPE,TITLE,WRITER,VIEW_COUNT,REPLY_COUNT,REG_DATE,UPDATE_DATE) values (13,'notice','공지사항게시물테스트','관리자',null,null,to_timestamp('21/02/01 12:21:15.000000000','RR/MM/DD HH24:MI:SSXFF'),to_timestamp('21/02/01 12:21:15.000000000','RR/MM/DD HH24:MI:SSXFF'));
Insert into XE.TBL_BOARD (BNO,BOARD_TYPE,TITLE,WRITER,VIEW_COUNT,REPLY_COUNT,REG_DATE,UPDATE_DATE) values (14,'notice','공지사항게시물테스트','관리자',null,null,to_timestamp('21/02/01 12:21:16.000000000','RR/MM/DD HH24:MI:SSXFF'),to_timestamp('21/02/01 12:21:16.000000000','RR/MM/DD HH24:MI:SSXFF'));
Insert into XE.TBL_BOARD (BNO,BOARD_TYPE,TITLE,WRITER,VIEW_COUNT,REPLY_COUNT,REG_DATE,UPDATE_DATE) values (15,'notice','공지사항게시물테스트','관리자',null,null,to_timestamp('21/02/01 12:21:17.000000000','RR/MM/DD HH24:MI:SSXFF'),to_timestamp('21/02/01 12:21:17.000000000','RR/MM/DD HH24:MI:SSXFF'));
Insert into XE.TBL_BOARD (BNO,BOARD_TYPE,TITLE,WRITER,VIEW_COUNT,REPLY_COUNT,REG_DATE,UPDATE_DATE) values (16,'notice','공지사항게시물테스트','관리자',null,null,to_timestamp('21/02/01 12:21:18.000000000','RR/MM/DD HH24:MI:SSXFF'),to_timestamp('21/02/01 12:21:18.000000000','RR/MM/DD HH24:MI:SSXFF'));
Insert into XE.TBL_BOARD (BNO,BOARD_TYPE,TITLE,WRITER,VIEW_COUNT,REPLY_COUNT,REG_DATE,UPDATE_DATE) values (17,'notice','공지사항게시물테스트','관리자',null,null,to_timestamp('21/02/01 12:21:19.000000000','RR/MM/DD HH24:MI:SSXFF'),to_timestamp('21/02/01 12:21:19.000000000','RR/MM/DD HH24:MI:SSXFF'));
Insert into XE.TBL_BOARD (BNO,BOARD_TYPE,TITLE,WRITER,VIEW_COUNT,REPLY_COUNT,REG_DATE,UPDATE_DATE) values (18,'notice','공지사항게시물테스트','관리자',null,null,to_timestamp('21/02/01 12:21:20.000000000','RR/MM/DD HH24:MI:SSXFF'),to_timestamp('21/02/01 12:21:20.000000000','RR/MM/DD HH24:MI:SSXFF'));
Insert into XE.TBL_BOARD (BNO,BOARD_TYPE,TITLE,WRITER,VIEW_COUNT,REPLY_COUNT,REG_DATE,UPDATE_DATE) values (19,'notice','공지사항게시물테스트','관리자',null,null,to_timestamp('21/02/01 12:21:21.000000000','RR/MM/DD HH24:MI:SSXFF'),to_timestamp('21/02/01 12:21:21.000000000','RR/MM/DD HH24:MI:SSXFF'));
Insert into XE.TBL_BOARD (BNO,BOARD_TYPE,TITLE,WRITER,VIEW_COUNT,REPLY_COUNT,REG_DATE,UPDATE_DATE) values (20,'notice','공지사항게시물테스트','관리자',null,null,to_timestamp('21/02/01 12:21:22.000000000','RR/MM/DD HH24:MI:SSXFF'),to_timestamp('21/02/01 12:21:22.000000000','RR/MM/DD HH24:MI:SSXFF'));
Insert into XE.TBL_BOARD (BNO,BOARD_TYPE,TITLE,WRITER,VIEW_COUNT,REPLY_COUNT,REG_DATE,UPDATE_DATE) values (21,'notice','공지사항게시물테스트','관리자',null,null,to_timestamp('21/02/01 12:21:23.000000000','RR/MM/DD HH24:MI:SSXFF'),to_timestamp('21/02/01 12:21:23.000000000','RR/MM/DD HH24:MI:SSXFF'));
Insert into XE.TBL_BOARD (BNO,BOARD_TYPE,TITLE,WRITER,VIEW_COUNT,REPLY_COUNT,REG_DATE,UPDATE_DATE) values (22,'notice','공지사항게시물테스트','관리자',null,null,to_timestamp('21/02/01 12:21:24.000000000','RR/MM/DD HH24:MI:SSXFF'),to_timestamp('21/02/01 12:21:24.000000000','RR/MM/DD HH24:MI:SSXFF'));
Insert into XE.TBL_BOARD (BNO,BOARD_TYPE,TITLE,WRITER,VIEW_COUNT,REPLY_COUNT,REG_DATE,UPDATE_DATE) values (23,'notice','공지사항게시물테스트','관리자',null,null,to_timestamp('21/02/01 12:21:25.000000000','RR/MM/DD HH24:MI:SSXFF'),to_timestamp('21/02/01 12:21:25.000000000','RR/MM/DD HH24:MI:SSXFF'));
Insert into XE.TBL_BOARD (BNO,BOARD_TYPE,TITLE,WRITER,VIEW_COUNT,REPLY_COUNT,REG_DATE,UPDATE_DATE) values (24,'notice','공지사항게시물테스트','관리자',null,null,to_timestamp('21/02/01 12:21:26.000000000','RR/MM/DD HH24:MI:SSXFF'),to_timestamp('21/02/01 12:21:26.000000000','RR/MM/DD HH24:MI:SSXFF'));
Insert into XE.TBL_BOARD (BNO,BOARD_TYPE,TITLE,WRITER,VIEW_COUNT,REPLY_COUNT,REG_DATE,UPDATE_DATE) values (25,'notice','공지사항게시물테스트','관리자',null,null,to_timestamp('21/02/01 12:21:27.000000000','RR/MM/DD HH24:MI:SSXFF'),to_timestamp('21/02/01 12:21:27.000000000','RR/MM/DD HH24:MI:SSXFF'));
Insert into XE.TBL_BOARD (BNO,BOARD_TYPE,TITLE,WRITER,VIEW_COUNT,REPLY_COUNT,REG_DATE,UPDATE_DATE) values (26,'notice','공지사항게시물테스트','관리자',null,null,to_timestamp('21/02/01 12:21:28.000000000','RR/MM/DD HH24:MI:SSXFF'),to_timestamp('21/02/01 12:21:28.000000000','RR/MM/DD HH24:MI:SSXFF'));
Insert into XE.TBL_BOARD (BNO,BOARD_TYPE,TITLE,WRITER,VIEW_COUNT,REPLY_COUNT,REG_DATE,UPDATE_DATE) values (27,'notice','공지사항게시물테스트','관리자',null,null,to_timestamp('21/02/01 12:21:29.000000000','RR/MM/DD HH24:MI:SSXFF'),to_timestamp('21/02/01 12:21:29.000000000','RR/MM/DD HH24:MI:SSXFF'));
Insert into XE.TBL_BOARD (BNO,BOARD_TYPE,TITLE,WRITER,VIEW_COUNT,REPLY_COUNT,REG_DATE,UPDATE_DATE) values (28,'notice','공지사항게시물테스트','관리자',null,null,to_timestamp('21/02/01 12:21:30.000000000','RR/MM/DD HH24:MI:SSXFF'),to_timestamp('21/02/01 12:21:30.000000000','RR/MM/DD HH24:MI:SSXFF'));
Insert into XE.TBL_BOARD (BNO,BOARD_TYPE,TITLE,WRITER,VIEW_COUNT,REPLY_COUNT,REG_DATE,UPDATE_DATE) values (29,'notice','공지사항게시물테스트','관리자',null,null,to_timestamp('21/02/01 12:21:31.000000000','RR/MM/DD HH24:MI:SSXFF'),to_timestamp('21/02/01 12:21:31.000000000','RR/MM/DD HH24:MI:SSXFF'));
Insert into XE.TBL_BOARD (BNO,BOARD_TYPE,TITLE,WRITER,VIEW_COUNT,REPLY_COUNT,REG_DATE,UPDATE_DATE) values (30,'notice','공지사항게시물테스트','관리자',null,null,to_timestamp('21/02/01 12:21:32.000000000','RR/MM/DD HH24:MI:SSXFF'),to_timestamp('21/02/01 12:21:32.000000000','RR/MM/DD HH24:MI:SSXFF'));
Insert into XE.TBL_BOARD (BNO,BOARD_TYPE,TITLE,WRITER,VIEW_COUNT,REPLY_COUNT,REG_DATE,UPDATE_DATE) values (31,'notice','공지사항게시물테스트','관리자',null,null,to_timestamp('21/02/01 12:21:33.000000000','RR/MM/DD HH24:MI:SSXFF'),to_timestamp('21/02/01 12:21:33.000000000','RR/MM/DD HH24:MI:SSXFF'));
Insert into XE.TBL_BOARD (BNO,BOARD_TYPE,TITLE,WRITER,VIEW_COUNT,REPLY_COUNT,REG_DATE,UPDATE_DATE) values (32,'notice','공지사항게시물테스트','관리자',null,null,to_timestamp('21/02/01 12:21:34.000000000','RR/MM/DD HH24:MI:SSXFF'),to_timestamp('21/02/01 12:21:34.000000000','RR/MM/DD HH24:MI:SSXFF'));
Insert into XE.TBL_BOARD (BNO,BOARD_TYPE,TITLE,WRITER,VIEW_COUNT,REPLY_COUNT,REG_DATE,UPDATE_DATE) values (33,'notice','공지사항게시물테스트','관리자',null,null,to_timestamp('21/02/01 12:21:35.000000000','RR/MM/DD HH24:MI:SSXFF'),to_timestamp('21/02/01 12:21:35.000000000','RR/MM/DD HH24:MI:SSXFF'));
Insert into XE.TBL_BOARD (BNO,BOARD_TYPE,TITLE,WRITER,VIEW_COUNT,REPLY_COUNT,REG_DATE,UPDATE_DATE) values (34,'notice','공지사항게시물테스트','관리자',null,null,to_timestamp('21/02/01 12:21:36.000000000','RR/MM/DD HH24:MI:SSXFF'),to_timestamp('21/02/01 12:21:36.000000000','RR/MM/DD HH24:MI:SSXFF'));
Insert into XE.TBL_BOARD (BNO,BOARD_TYPE,TITLE,WRITER,VIEW_COUNT,REPLY_COUNT,REG_DATE,UPDATE_DATE) values (35,'notice','공지사항게시물테스트','관리자',null,null,to_timestamp('21/02/01 12:21:37.000000000','RR/MM/DD HH24:MI:SSXFF'),to_timestamp('21/02/01 12:21:37.000000000','RR/MM/DD HH24:MI:SSXFF'));
Insert into XE.TBL_BOARD (BNO,BOARD_TYPE,TITLE,WRITER,VIEW_COUNT,REPLY_COUNT,REG_DATE,UPDATE_DATE) values (36,'notice','공지사항게시물테스트','관리자',null,null,to_timestamp('21/02/01 12:21:38.000000000','RR/MM/DD HH24:MI:SSXFF'),to_timestamp('21/02/01 12:21:38.000000000','RR/MM/DD HH24:MI:SSXFF'));
Insert into XE.TBL_BOARD (BNO,BOARD_TYPE,TITLE,WRITER,VIEW_COUNT,REPLY_COUNT,REG_DATE,UPDATE_DATE) values (37,'notice','공지사항게시물테스트','관리자',null,null,to_timestamp('21/02/01 12:21:39.000000000','RR/MM/DD HH24:MI:SSXFF'),to_timestamp('21/02/01 12:21:39.000000000','RR/MM/DD HH24:MI:SSXFF'));
Insert into XE.TBL_BOARD (BNO,BOARD_TYPE,TITLE,WRITER,VIEW_COUNT,REPLY_COUNT,REG_DATE,UPDATE_DATE) values (38,'notice','공지사항게시물테스트','관리자',null,null,to_timestamp('21/02/01 12:21:40.000000000','RR/MM/DD HH24:MI:SSXFF'),to_timestamp('21/02/01 12:21:40.000000000','RR/MM/DD HH24:MI:SSXFF'));
Insert into XE.TBL_BOARD (BNO,BOARD_TYPE,TITLE,WRITER,VIEW_COUNT,REPLY_COUNT,REG_DATE,UPDATE_DATE) values (39,'notice','공지사항게시물테스트','관리자',null,null,to_timestamp('21/02/01 12:21:41.000000000','RR/MM/DD HH24:MI:SSXFF'),to_timestamp('21/02/01 12:21:41.000000000','RR/MM/DD HH24:MI:SSXFF'));
Insert into XE.TBL_BOARD (BNO,BOARD_TYPE,TITLE,WRITER,VIEW_COUNT,REPLY_COUNT,REG_DATE,UPDATE_DATE) values (40,'notice','공지사항게시물테스트','관리자',null,null,to_timestamp('21/02/01 12:21:42.000000000','RR/MM/DD HH24:MI:SSXFF'),to_timestamp('21/02/01 12:21:42.000000000','RR/MM/DD HH24:MI:SSXFF'));
Insert into XE.TBL_BOARD (BNO,BOARD_TYPE,TITLE,WRITER,VIEW_COUNT,REPLY_COUNT,REG_DATE,UPDATE_DATE) values (41,'notice','공지사항게시물테스트','관리자',null,null,to_timestamp('21/02/01 12:21:43.000000000','RR/MM/DD HH24:MI:SSXFF'),to_timestamp('21/02/01 12:21:43.000000000','RR/MM/DD HH24:MI:SSXFF'));
Insert into XE.TBL_BOARD (BNO,BOARD_TYPE,TITLE,WRITER,VIEW_COUNT,REPLY_COUNT,REG_DATE,UPDATE_DATE) values (42,'notice','공지사항게시물테스트','관리자',null,null,to_timestamp('21/02/01 12:21:44.000000000','RR/MM/DD HH24:MI:SSXFF'),to_timestamp('21/02/01 12:21:44.000000000','RR/MM/DD HH24:MI:SSXFF'));
Insert into XE.TBL_BOARD (BNO,BOARD_TYPE,TITLE,WRITER,VIEW_COUNT,REPLY_COUNT,REG_DATE,UPDATE_DATE) values (43,'notice','공지사항게시물테스트','관리자',null,null,to_timestamp('21/02/01 12:21:45.000000000','RR/MM/DD HH24:MI:SSXFF'),to_timestamp('21/02/01 12:21:45.000000000','RR/MM/DD HH24:MI:SSXFF'));
Insert into XE.TBL_BOARD (BNO,BOARD_TYPE,TITLE,WRITER,VIEW_COUNT,REPLY_COUNT,REG_DATE,UPDATE_DATE) values (44,'notice','공지사항게시물테스트','관리자',null,null,to_timestamp('21/02/01 12:21:46.000000000','RR/MM/DD HH24:MI:SSXFF'),to_timestamp('21/02/01 12:21:46.000000000','RR/MM/DD HH24:MI:SSXFF'));
Insert into XE.TBL_BOARD (BNO,BOARD_TYPE,TITLE,WRITER,VIEW_COUNT,REPLY_COUNT,REG_DATE,UPDATE_DATE) values (45,'notice','공지사항게시물테스트','관리자',null,null,to_timestamp('21/02/01 12:21:47.000000000','RR/MM/DD HH24:MI:SSXFF'),to_timestamp('21/02/01 12:21:47.000000000','RR/MM/DD HH24:MI:SSXFF'));
Insert into XE.TBL_BOARD (BNO,BOARD_TYPE,TITLE,WRITER,VIEW_COUNT,REPLY_COUNT,REG_DATE,UPDATE_DATE) values (46,'notice','공지사항게시물테스트','관리자',null,null,to_timestamp('21/02/01 12:21:48.000000000','RR/MM/DD HH24:MI:SSXFF'),to_timestamp('21/02/01 12:21:48.000000000','RR/MM/DD HH24:MI:SSXFF'));
Insert into XE.TBL_BOARD (BNO,BOARD_TYPE,TITLE,WRITER,VIEW_COUNT,REPLY_COUNT,REG_DATE,UPDATE_DATE) values (47,'notice','공지사항게시물테스트','관리자',null,null,to_timestamp('21/02/01 12:21:49.000000000','RR/MM/DD HH24:MI:SSXFF'),to_timestamp('21/02/01 12:21:49.000000000','RR/MM/DD HH24:MI:SSXFF'));
Insert into XE.TBL_BOARD (BNO,BOARD_TYPE,TITLE,WRITER,VIEW_COUNT,REPLY_COUNT,REG_DATE,UPDATE_DATE) values (48,'notice','공지사항게시물테스트','관리자',null,null,to_timestamp('21/02/01 12:21:50.000000000','RR/MM/DD HH24:MI:SSXFF'),to_timestamp('21/02/01 12:21:50.000000000','RR/MM/DD HH24:MI:SSXFF'));
Insert into XE.TBL_BOARD (BNO,BOARD_TYPE,TITLE,WRITER,VIEW_COUNT,REPLY_COUNT,REG_DATE,UPDATE_DATE) values (49,'notice','공지사항게시물테스트','관리자',null,null,to_timestamp('21/02/01 12:21:51.000000000','RR/MM/DD HH24:MI:SSXFF'),to_timestamp('21/02/01 12:21:51.000000000','RR/MM/DD HH24:MI:SSXFF'));
Insert into XE.TBL_BOARD (BNO,BOARD_TYPE,TITLE,WRITER,VIEW_COUNT,REPLY_COUNT,REG_DATE,UPDATE_DATE) values (50,'notice','공지사항게시물테스트','관리자',null,null,to_timestamp('21/02/01 12:21:52.000000000','RR/MM/DD HH24:MI:SSXFF'),to_timestamp('21/02/01 12:21:52.000000000','RR/MM/DD HH24:MI:SSXFF'));
Insert into XE.TBL_BOARD (BNO,BOARD_TYPE,TITLE,WRITER,VIEW_COUNT,REPLY_COUNT,REG_DATE,UPDATE_DATE) values (51,'gallery','겔러리게시물테스트','관리자',null,null,to_timestamp('21/02/01 12:21:53.000000000','RR/MM/DD HH24:MI:SSXFF'),to_timestamp('21/02/01 12:21:53.000000000','RR/MM/DD HH24:MI:SSXFF'));
Insert into XE.TBL_BOARD (BNO,BOARD_TYPE,TITLE,WRITER,VIEW_COUNT,REPLY_COUNT,REG_DATE,UPDATE_DATE) values (52,'gallery','겔러리게시물테스트','관리자',null,null,to_timestamp('21/02/01 12:21:54.000000000','RR/MM/DD HH24:MI:SSXFF'),to_timestamp('21/02/01 12:21:54.000000000','RR/MM/DD HH24:MI:SSXFF'));
Insert into XE.TBL_BOARD (BNO,BOARD_TYPE,TITLE,WRITER,VIEW_COUNT,REPLY_COUNT,REG_DATE,UPDATE_DATE) values (53,'gallery','겔러리게시물테스트','관리자',null,null,to_timestamp('21/02/01 12:21:55.000000000','RR/MM/DD HH24:MI:SSXFF'),to_timestamp('21/02/01 12:21:55.000000000','RR/MM/DD HH24:MI:SSXFF'));
Insert into XE.TBL_BOARD (BNO,BOARD_TYPE,TITLE,WRITER,VIEW_COUNT,REPLY_COUNT,REG_DATE,UPDATE_DATE) values (54,'gallery','겔러리게시물테스트','관리자',null,null,to_timestamp('21/02/01 12:21:56.000000000','RR/MM/DD HH24:MI:SSXFF'),to_timestamp('21/02/01 12:21:56.000000000','RR/MM/DD HH24:MI:SSXFF'));
Insert into XE.TBL_BOARD (BNO,BOARD_TYPE,TITLE,WRITER,VIEW_COUNT,REPLY_COUNT,REG_DATE,UPDATE_DATE) values (55,'gallery','겔러리게시물테스트','관리자',null,null,to_timestamp('21/02/01 12:21:57.000000000','RR/MM/DD HH24:MI:SSXFF'),to_timestamp('21/02/01 12:21:57.000000000','RR/MM/DD HH24:MI:SSXFF'));
Insert into XE.TBL_BOARD (BNO,BOARD_TYPE,TITLE,WRITER,VIEW_COUNT,REPLY_COUNT,REG_DATE,UPDATE_DATE) values (56,'gallery','겔러리게시물테스트','관리자',null,null,to_timestamp('21/02/01 12:21:58.000000000','RR/MM/DD HH24:MI:SSXFF'),to_timestamp('21/02/01 12:21:58.000000000','RR/MM/DD HH24:MI:SSXFF'));
Insert into XE.TBL_BOARD (BNO,BOARD_TYPE,TITLE,WRITER,VIEW_COUNT,REPLY_COUNT,REG_DATE,UPDATE_DATE) values (57,'gallery','겔러리게시물테스트','관리자',null,null,to_timestamp('21/02/01 12:21:59.000000000','RR/MM/DD HH24:MI:SSXFF'),to_timestamp('21/02/01 12:21:59.000000000','RR/MM/DD HH24:MI:SSXFF'));
Insert into XE.TBL_BOARD (BNO,BOARD_TYPE,TITLE,WRITER,VIEW_COUNT,REPLY_COUNT,REG_DATE,UPDATE_DATE) values (58,'gallery','겔러리게시물테스트','관리자',null,null,to_timestamp('21/02/01 12:22:00.000000000','RR/MM/DD HH24:MI:SSXFF'),to_timestamp('21/02/01 12:22:00.000000000','RR/MM/DD HH24:MI:SSXFF'));
Insert into XE.TBL_BOARD (BNO,BOARD_TYPE,TITLE,WRITER,VIEW_COUNT,REPLY_COUNT,REG_DATE,UPDATE_DATE) values (59,'gallery','겔러리게시물테스트','관리자',null,null,to_timestamp('21/02/01 12:22:01.000000000','RR/MM/DD HH24:MI:SSXFF'),to_timestamp('21/02/01 12:22:01.000000000','RR/MM/DD HH24:MI:SSXFF'));
Insert into XE.TBL_BOARD (BNO,BOARD_TYPE,TITLE,WRITER,VIEW_COUNT,REPLY_COUNT,REG_DATE,UPDATE_DATE) values (60,'gallery','겔러리게시물테스트','관리자',null,null,to_timestamp('21/02/01 12:22:02.000000000','RR/MM/DD HH24:MI:SSXFF'),to_timestamp('21/02/01 12:22:02.000000000','RR/MM/DD HH24:MI:SSXFF'));
Insert into XE.TBL_BOARD (BNO,BOARD_TYPE,TITLE,WRITER,VIEW_COUNT,REPLY_COUNT,REG_DATE,UPDATE_DATE) values (61,'gallery','겔러리게시물테스트','관리자',null,null,to_timestamp('21/02/01 12:22:03.000000000','RR/MM/DD HH24:MI:SSXFF'),to_timestamp('21/02/01 12:22:03.000000000','RR/MM/DD HH24:MI:SSXFF'));
Insert into XE.TBL_BOARD (BNO,BOARD_TYPE,TITLE,WRITER,VIEW_COUNT,REPLY_COUNT,REG_DATE,UPDATE_DATE) values (62,'gallery','겔러리게시물테스트','관리자',null,null,to_timestamp('21/02/01 12:22:04.000000000','RR/MM/DD HH24:MI:SSXFF'),to_timestamp('21/02/01 12:22:04.000000000','RR/MM/DD HH24:MI:SSXFF'));
Insert into XE.TBL_BOARD (BNO,BOARD_TYPE,TITLE,WRITER,VIEW_COUNT,REPLY_COUNT,REG_DATE,UPDATE_DATE) values (63,'gallery','겔러리게시물테스트','관리자',null,null,to_timestamp('21/02/01 12:22:05.000000000','RR/MM/DD HH24:MI:SSXFF'),to_timestamp('21/02/01 12:22:05.000000000','RR/MM/DD HH24:MI:SSXFF'));
Insert into XE.TBL_BOARD (BNO,BOARD_TYPE,TITLE,WRITER,VIEW_COUNT,REPLY_COUNT,REG_DATE,UPDATE_DATE) values (64,'gallery','겔러리게시물테스트','관리자',null,null,to_timestamp('21/02/01 12:22:06.000000000','RR/MM/DD HH24:MI:SSXFF'),to_timestamp('21/02/01 12:22:06.000000000','RR/MM/DD HH24:MI:SSXFF'));
Insert into XE.TBL_BOARD (BNO,BOARD_TYPE,TITLE,WRITER,VIEW_COUNT,REPLY_COUNT,REG_DATE,UPDATE_DATE) values (65,'gallery','겔러리게시물테스트','관리자',null,null,to_timestamp('21/02/01 12:22:07.000000000','RR/MM/DD HH24:MI:SSXFF'),to_timestamp('21/02/01 12:22:07.000000000','RR/MM/DD HH24:MI:SSXFF'));
Insert into XE.TBL_BOARD (BNO,BOARD_TYPE,TITLE,WRITER,VIEW_COUNT,REPLY_COUNT,REG_DATE,UPDATE_DATE) values (66,'gallery','겔러리게시물테스트','관리자',null,null,to_timestamp('21/02/01 12:22:08.000000000','RR/MM/DD HH24:MI:SSXFF'),to_timestamp('21/02/01 12:22:08.000000000','RR/MM/DD HH24:MI:SSXFF'));
Insert into XE.TBL_BOARD (BNO,BOARD_TYPE,TITLE,WRITER,VIEW_COUNT,REPLY_COUNT,REG_DATE,UPDATE_DATE) values (67,'gallery','겔러리게시물테스트','관리자',null,null,to_timestamp('21/02/01 12:22:09.000000000','RR/MM/DD HH24:MI:SSXFF'),to_timestamp('21/02/01 12:22:09.000000000','RR/MM/DD HH24:MI:SSXFF'));
Insert into XE.TBL_BOARD (BNO,BOARD_TYPE,TITLE,WRITER,VIEW_COUNT,REPLY_COUNT,REG_DATE,UPDATE_DATE) values (68,'gallery','겔러리게시물테스트','관리자',null,null,to_timestamp('21/02/01 12:22:10.000000000','RR/MM/DD HH24:MI:SSXFF'),to_timestamp('21/02/01 12:22:10.000000000','RR/MM/DD HH24:MI:SSXFF'));
Insert into XE.TBL_BOARD (BNO,BOARD_TYPE,TITLE,WRITER,VIEW_COUNT,REPLY_COUNT,REG_DATE,UPDATE_DATE) values (69,'gallery','겔러리게시물테스트','관리자',null,null,to_timestamp('21/02/01 12:22:11.000000000','RR/MM/DD HH24:MI:SSXFF'),to_timestamp('21/02/01 12:22:11.000000000','RR/MM/DD HH24:MI:SSXFF'));
Insert into XE.TBL_BOARD (BNO,BOARD_TYPE,TITLE,WRITER,VIEW_COUNT,REPLY_COUNT,REG_DATE,UPDATE_DATE) values (70,'gallery','겔러리게시물테스트','관리자',null,null,to_timestamp('21/02/01 12:22:12.000000000','RR/MM/DD HH24:MI:SSXFF'),to_timestamp('21/02/01 12:22:12.000000000','RR/MM/DD HH24:MI:SSXFF'));
Insert into XE.TBL_BOARD (BNO,BOARD_TYPE,TITLE,WRITER,VIEW_COUNT,REPLY_COUNT,REG_DATE,UPDATE_DATE) values (71,'gallery','겔러리게시물테스트','관리자',null,null,to_timestamp('21/02/01 12:22:13.000000000','RR/MM/DD HH24:MI:SSXFF'),to_timestamp('21/02/01 12:22:13.000000000','RR/MM/DD HH24:MI:SSXFF'));
Insert into XE.TBL_BOARD (BNO,BOARD_TYPE,TITLE,WRITER,VIEW_COUNT,REPLY_COUNT,REG_DATE,UPDATE_DATE) values (72,'gallery','겔러리게시물테스트','관리자',null,null,to_timestamp('21/02/01 12:22:14.000000000','RR/MM/DD HH24:MI:SSXFF'),to_timestamp('21/02/01 12:22:14.000000000','RR/MM/DD HH24:MI:SSXFF'));
Insert into XE.TBL_BOARD (BNO,BOARD_TYPE,TITLE,WRITER,VIEW_COUNT,REPLY_COUNT,REG_DATE,UPDATE_DATE) values (73,'gallery','겔러리게시물테스트','관리자',null,null,to_timestamp('21/02/01 12:22:15.000000000','RR/MM/DD HH24:MI:SSXFF'),to_timestamp('21/02/01 12:22:15.000000000','RR/MM/DD HH24:MI:SSXFF'));
Insert into XE.TBL_BOARD (BNO,BOARD_TYPE,TITLE,WRITER,VIEW_COUNT,REPLY_COUNT,REG_DATE,UPDATE_DATE) values (74,'gallery','겔러리게시물테스트','관리자',null,null,to_timestamp('21/02/01 12:22:16.000000000','RR/MM/DD HH24:MI:SSXFF'),to_timestamp('21/02/01 12:22:16.000000000','RR/MM/DD HH24:MI:SSXFF'));
Insert into XE.TBL_BOARD (BNO,BOARD_TYPE,TITLE,WRITER,VIEW_COUNT,REPLY_COUNT,REG_DATE,UPDATE_DATE) values (75,'gallery','겔러리게시물테스트','관리자',null,null,to_timestamp('21/02/01 12:22:17.000000000','RR/MM/DD HH24:MI:SSXFF'),to_timestamp('21/02/01 12:22:17.000000000','RR/MM/DD HH24:MI:SSXFF'));
Insert into XE.TBL_BOARD (BNO,BOARD_TYPE,TITLE,WRITER,VIEW_COUNT,REPLY_COUNT,REG_DATE,UPDATE_DATE) values (76,'gallery','겔러리게시물테스트','관리자',null,null,to_timestamp('21/02/01 12:22:18.000000000','RR/MM/DD HH24:MI:SSXFF'),to_timestamp('21/02/01 12:22:18.000000000','RR/MM/DD HH24:MI:SSXFF'));
Insert into XE.TBL_BOARD (BNO,BOARD_TYPE,TITLE,WRITER,VIEW_COUNT,REPLY_COUNT,REG_DATE,UPDATE_DATE) values (77,'gallery','겔러리게시물테스트','관리자',null,null,to_timestamp('21/02/01 12:22:19.000000000','RR/MM/DD HH24:MI:SSXFF'),to_timestamp('21/02/01 12:22:19.000000000','RR/MM/DD HH24:MI:SSXFF'));
Insert into XE.TBL_BOARD (BNO,BOARD_TYPE,TITLE,WRITER,VIEW_COUNT,REPLY_COUNT,REG_DATE,UPDATE_DATE) values (78,'gallery','겔러리게시물테스트','관리자',null,null,to_timestamp('21/02/01 12:22:20.000000000','RR/MM/DD HH24:MI:SSXFF'),to_timestamp('21/02/01 12:22:20.000000000','RR/MM/DD HH24:MI:SSXFF'));
Insert into XE.TBL_BOARD (BNO,BOARD_TYPE,TITLE,WRITER,VIEW_COUNT,REPLY_COUNT,REG_DATE,UPDATE_DATE) values (79,'gallery','겔러리게시물테스트','관리자',null,null,to_timestamp('21/02/01 12:22:21.000000000','RR/MM/DD HH24:MI:SSXFF'),to_timestamp('21/02/01 12:22:21.000000000','RR/MM/DD HH24:MI:SSXFF'));
Insert into XE.TBL_BOARD (BNO,BOARD_TYPE,TITLE,WRITER,VIEW_COUNT,REPLY_COUNT,REG_DATE,UPDATE_DATE) values (80,'gallery','겔러리게시물테스트','관리자',null,null,to_timestamp('21/02/01 12:22:22.000000000','RR/MM/DD HH24:MI:SSXFF'),to_timestamp('21/02/01 12:22:22.000000000','RR/MM/DD HH24:MI:SSXFF'));
Insert into XE.TBL_BOARD (BNO,BOARD_TYPE,TITLE,WRITER,VIEW_COUNT,REPLY_COUNT,REG_DATE,UPDATE_DATE) values (81,'gallery','겔러리게시물테스트','관리자',null,null,to_timestamp('21/02/01 12:22:23.000000000','RR/MM/DD HH24:MI:SSXFF'),to_timestamp('21/02/01 12:22:23.000000000','RR/MM/DD HH24:MI:SSXFF'));
Insert into XE.TBL_BOARD (BNO,BOARD_TYPE,TITLE,WRITER,VIEW_COUNT,REPLY_COUNT,REG_DATE,UPDATE_DATE) values (82,'gallery','겔러리게시물테스트','관리자',null,null,to_timestamp('21/02/01 12:22:24.000000000','RR/MM/DD HH24:MI:SSXFF'),to_timestamp('21/02/01 12:22:24.000000000','RR/MM/DD HH24:MI:SSXFF'));
Insert into XE.TBL_BOARD (BNO,BOARD_TYPE,TITLE,WRITER,VIEW_COUNT,REPLY_COUNT,REG_DATE,UPDATE_DATE) values (83,'gallery','겔러리게시물테스트','관리자',null,null,to_timestamp('21/02/01 12:22:25.000000000','RR/MM/DD HH24:MI:SSXFF'),to_timestamp('21/02/01 12:22:25.000000000','RR/MM/DD HH24:MI:SSXFF'));
Insert into XE.TBL_BOARD (BNO,BOARD_TYPE,TITLE,WRITER,VIEW_COUNT,REPLY_COUNT,REG_DATE,UPDATE_DATE) values (84,'gallery','겔러리게시물테스트','관리자',null,null,to_timestamp('21/02/01 12:22:26.000000000','RR/MM/DD HH24:MI:SSXFF'),to_timestamp('21/02/01 12:22:26.000000000','RR/MM/DD HH24:MI:SSXFF'));
Insert into XE.TBL_BOARD (BNO,BOARD_TYPE,TITLE,WRITER,VIEW_COUNT,REPLY_COUNT,REG_DATE,UPDATE_DATE) values (85,'gallery','겔러리게시물테스트','관리자',null,null,to_timestamp('21/02/01 12:22:27.000000000','RR/MM/DD HH24:MI:SSXFF'),to_timestamp('21/02/01 12:22:27.000000000','RR/MM/DD HH24:MI:SSXFF'));
Insert into XE.TBL_BOARD (BNO,BOARD_TYPE,TITLE,WRITER,VIEW_COUNT,REPLY_COUNT,REG_DATE,UPDATE_DATE) values (86,'gallery','겔러리게시물테스트','관리자',null,null,to_timestamp('21/02/01 12:22:28.000000000','RR/MM/DD HH24:MI:SSXFF'),to_timestamp('21/02/01 12:22:28.000000000','RR/MM/DD HH24:MI:SSXFF'));
Insert into XE.TBL_BOARD (BNO,BOARD_TYPE,TITLE,WRITER,VIEW_COUNT,REPLY_COUNT,REG_DATE,UPDATE_DATE) values (87,'gallery','겔러리게시물테스트','관리자',null,null,to_timestamp('21/02/01 12:22:29.000000000','RR/MM/DD HH24:MI:SSXFF'),to_timestamp('21/02/01 12:22:29.000000000','RR/MM/DD HH24:MI:SSXFF'));
Insert into XE.TBL_BOARD (BNO,BOARD_TYPE,TITLE,WRITER,VIEW_COUNT,REPLY_COUNT,REG_DATE,UPDATE_DATE) values (88,'gallery','겔러리게시물테스트','관리자',null,null,to_timestamp('21/02/01 12:22:30.000000000','RR/MM/DD HH24:MI:SSXFF'),to_timestamp('21/02/01 12:22:30.000000000','RR/MM/DD HH24:MI:SSXFF'));
Insert into XE.TBL_BOARD (BNO,BOARD_TYPE,TITLE,WRITER,VIEW_COUNT,REPLY_COUNT,REG_DATE,UPDATE_DATE) values (89,'gallery','겔러리게시물테스트','관리자',null,null,to_timestamp('21/02/01 12:22:31.000000000','RR/MM/DD HH24:MI:SSXFF'),to_timestamp('21/02/01 12:22:31.000000000','RR/MM/DD HH24:MI:SSXFF'));
Insert into XE.TBL_BOARD (BNO,BOARD_TYPE,TITLE,WRITER,VIEW_COUNT,REPLY_COUNT,REG_DATE,UPDATE_DATE) values (90,'gallery','겔러리게시물테스트','관리자',null,null,to_timestamp('21/02/01 12:22:32.000000000','RR/MM/DD HH24:MI:SSXFF'),to_timestamp('21/02/01 12:22:32.000000000','RR/MM/DD HH24:MI:SSXFF'));
Insert into XE.TBL_BOARD (BNO,BOARD_TYPE,TITLE,WRITER,VIEW_COUNT,REPLY_COUNT,REG_DATE,UPDATE_DATE) values (91,'gallery','겔러리게시물테스트','관리자',null,null,to_timestamp('21/02/01 12:22:33.000000000','RR/MM/DD HH24:MI:SSXFF'),to_timestamp('21/02/01 12:22:33.000000000','RR/MM/DD HH24:MI:SSXFF'));
Insert into XE.TBL_BOARD (BNO,BOARD_TYPE,TITLE,WRITER,VIEW_COUNT,REPLY_COUNT,REG_DATE,UPDATE_DATE) values (92,'gallery','겔러리게시물테스트','관리자',null,null,to_timestamp('21/02/01 12:22:34.000000000','RR/MM/DD HH24:MI:SSXFF'),to_timestamp('21/02/01 12:22:34.000000000','RR/MM/DD HH24:MI:SSXFF'));
Insert into XE.TBL_BOARD (BNO,BOARD_TYPE,TITLE,WRITER,VIEW_COUNT,REPLY_COUNT,REG_DATE,UPDATE_DATE) values (93,'gallery','겔러리게시물테스트','관리자',null,null,to_timestamp('21/02/01 12:22:35.000000000','RR/MM/DD HH24:MI:SSXFF'),to_timestamp('21/02/01 12:22:35.000000000','RR/MM/DD HH24:MI:SSXFF'));
Insert into XE.TBL_BOARD (BNO,BOARD_TYPE,TITLE,WRITER,VIEW_COUNT,REPLY_COUNT,REG_DATE,UPDATE_DATE) values (94,'gallery','겔러리게시물테스트','관리자',null,null,to_timestamp('21/02/01 12:22:36.000000000','RR/MM/DD HH24:MI:SSXFF'),to_timestamp('21/02/01 12:22:36.000000000','RR/MM/DD HH24:MI:SSXFF'));
Insert into XE.TBL_BOARD (BNO,BOARD_TYPE,TITLE,WRITER,VIEW_COUNT,REPLY_COUNT,REG_DATE,UPDATE_DATE) values (95,'gallery','겔러리게시물테스트','관리자',null,null,to_timestamp('21/02/01 12:22:37.000000000','RR/MM/DD HH24:MI:SSXFF'),to_timestamp('21/02/01 12:22:37.000000000','RR/MM/DD HH24:MI:SSXFF'));
Insert into XE.TBL_BOARD (BNO,BOARD_TYPE,TITLE,WRITER,VIEW_COUNT,REPLY_COUNT,REG_DATE,UPDATE_DATE) values (96,'gallery','겔러리게시물테스트','관리자',null,null,to_timestamp('21/02/01 12:22:38.000000000','RR/MM/DD HH24:MI:SSXFF'),to_timestamp('21/02/01 12:22:38.000000000','RR/MM/DD HH24:MI:SSXFF'));
Insert into XE.TBL_BOARD (BNO,BOARD_TYPE,TITLE,WRITER,VIEW_COUNT,REPLY_COUNT,REG_DATE,UPDATE_DATE) values (97,'gallery','겔러리게시물테스트','관리자',null,null,to_timestamp('21/02/01 12:22:39.000000000','RR/MM/DD HH24:MI:SSXFF'),to_timestamp('21/02/01 12:22:39.000000000','RR/MM/DD HH24:MI:SSXFF'));
Insert into XE.TBL_BOARD (BNO,BOARD_TYPE,TITLE,WRITER,VIEW_COUNT,REPLY_COUNT,REG_DATE,UPDATE_DATE) values (98,'gallery','겔러리게시물테스트','관리자',null,null,to_timestamp('21/02/01 12:22:40.000000000','RR/MM/DD HH24:MI:SSXFF'),to_timestamp('21/02/01 12:22:40.000000000','RR/MM/DD HH24:MI:SSXFF'));
Insert into XE.TBL_BOARD (BNO,BOARD_TYPE,TITLE,WRITER,VIEW_COUNT,REPLY_COUNT,REG_DATE,UPDATE_DATE) values (99,'gallery','겔러리게시물테스트','관리자',null,null,to_timestamp('21/02/01 12:22:41.000000000','RR/MM/DD HH24:MI:SSXFF'),to_timestamp('21/02/01 12:22:41.000000000','RR/MM/DD HH24:MI:SSXFF'));
Insert into XE.TBL_BOARD (BNO,BOARD_TYPE,TITLE,WRITER,VIEW_COUNT,REPLY_COUNT,REG_DATE,UPDATE_DATE) values (100,'gallery','겔러리게시물테스트','관리자',null,null,to_timestamp('21/02/01 12:22:42.000000000','RR/MM/DD HH24:MI:SSXFF'),to_timestamp('21/02/01 12:22:42.000000000','RR/MM/DD HH24:MI:SSXFF'));
REM INSERTING into XE.TBL_BOARD_TYPE
SET DEFINE OFF;
Insert into XE.TBL_BOARD_TYPE (BOARD_TYPE,BOARD_NAME,BOARD_SUN) values ('notice','공지사항',1);
Insert into XE.TBL_BOARD_TYPE (BOARD_TYPE,BOARD_NAME,BOARD_SUN) values ('gallery','겔러리',2);
REM INSERTING into XE.TBL_MEMBER
SET DEFINE OFF;
Insert into XE.TBL_MEMBER (USER_ID,USER_PW,USER_NAME,EMAIL,POINT,ENABLED,LEVELS,REG_DATE,UPDATE_DATE) values ('user1','$2a$10$kIqR/PTloYan/MRNiEsy6uYO6OCHVmAKR4kflVKQkJ345nqTiuGeO','사용자',null,null,1,'ROLE_USER',to_timestamp('21/02/01 12:20:20.000000000','RR/MM/DD HH24:MI:SSXFF'),to_timestamp('21/02/01 12:20:20.000000000','RR/MM/DD HH24:MI:SSXFF'));
Insert into XE.TBL_MEMBER (USER_ID,USER_PW,USER_NAME,EMAIL,POINT,ENABLED,LEVELS,REG_DATE,UPDATE_DATE) values ('user2','$2a$10$kIqR/PTloYan/MRNiEsy6uYO6OCHVmAKR4kflVKQkJ345nqTiuGeO','사용자',null,null,1,'ROLE_USER',to_timestamp('21/02/01 12:20:21.000000000','RR/MM/DD HH24:MI:SSXFF'),to_timestamp('21/02/01 12:20:21.000000000','RR/MM/DD HH24:MI:SSXFF'));
Insert into XE.TBL_MEMBER (USER_ID,USER_PW,USER_NAME,EMAIL,POINT,ENABLED,LEVELS,REG_DATE,UPDATE_DATE) values ('user3','$2a$10$kIqR/PTloYan/MRNiEsy6uYO6OCHVmAKR4kflVKQkJ345nqTiuGeO','사용자',null,null,1,'ROLE_USER',to_timestamp('21/02/01 12:20:22.000000000','RR/MM/DD HH24:MI:SSXFF'),to_timestamp('21/02/01 12:20:22.000000000','RR/MM/DD HH24:MI:SSXFF'));
Insert into XE.TBL_MEMBER (USER_ID,USER_PW,USER_NAME,EMAIL,POINT,ENABLED,LEVELS,REG_DATE,UPDATE_DATE) values ('user4','$2a$10$kIqR/PTloYan/MRNiEsy6uYO6OCHVmAKR4kflVKQkJ345nqTiuGeO','사용자',null,null,1,'ROLE_USER',to_timestamp('21/02/01 12:20:23.000000000','RR/MM/DD HH24:MI:SSXFF'),to_timestamp('21/02/01 12:20:23.000000000','RR/MM/DD HH24:MI:SSXFF'));
Insert into XE.TBL_MEMBER (USER_ID,USER_PW,USER_NAME,EMAIL,POINT,ENABLED,LEVELS,REG_DATE,UPDATE_DATE) values ('user5','$2a$10$kIqR/PTloYan/MRNiEsy6uYO6OCHVmAKR4kflVKQkJ345nqTiuGeO','사용자',null,null,1,'ROLE_USER',to_timestamp('21/02/01 12:20:24.000000000','RR/MM/DD HH24:MI:SSXFF'),to_timestamp('21/02/01 12:20:24.000000000','RR/MM/DD HH24:MI:SSXFF'));
Insert into XE.TBL_MEMBER (USER_ID,USER_PW,USER_NAME,EMAIL,POINT,ENABLED,LEVELS,REG_DATE,UPDATE_DATE) values ('user6','$2a$10$kIqR/PTloYan/MRNiEsy6uYO6OCHVmAKR4kflVKQkJ345nqTiuGeO','사용자',null,null,1,'ROLE_USER',to_timestamp('21/02/01 12:20:25.000000000','RR/MM/DD HH24:MI:SSXFF'),to_timestamp('21/02/01 12:20:25.000000000','RR/MM/DD HH24:MI:SSXFF'));
Insert into XE.TBL_MEMBER (USER_ID,USER_PW,USER_NAME,EMAIL,POINT,ENABLED,LEVELS,REG_DATE,UPDATE_DATE) values ('user7','$2a$10$kIqR/PTloYan/MRNiEsy6uYO6OCHVmAKR4kflVKQkJ345nqTiuGeO','사용자',null,null,1,'ROLE_USER',to_timestamp('21/02/01 12:20:26.000000000','RR/MM/DD HH24:MI:SSXFF'),to_timestamp('21/02/01 12:20:26.000000000','RR/MM/DD HH24:MI:SSXFF'));
Insert into XE.TBL_MEMBER (USER_ID,USER_PW,USER_NAME,EMAIL,POINT,ENABLED,LEVELS,REG_DATE,UPDATE_DATE) values ('user8','$2a$10$kIqR/PTloYan/MRNiEsy6uYO6OCHVmAKR4kflVKQkJ345nqTiuGeO','사용자',null,null,1,'ROLE_USER',to_timestamp('21/02/01 12:20:27.000000000','RR/MM/DD HH24:MI:SSXFF'),to_timestamp('21/02/01 12:20:27.000000000','RR/MM/DD HH24:MI:SSXFF'));
Insert into XE.TBL_MEMBER (USER_ID,USER_PW,USER_NAME,EMAIL,POINT,ENABLED,LEVELS,REG_DATE,UPDATE_DATE) values ('user9','$2a$10$kIqR/PTloYan/MRNiEsy6uYO6OCHVmAKR4kflVKQkJ345nqTiuGeO','사용자',null,null,1,'ROLE_USER',to_timestamp('21/02/01 12:20:28.000000000','RR/MM/DD HH24:MI:SSXFF'),to_timestamp('21/02/01 12:20:28.000000000','RR/MM/DD HH24:MI:SSXFF'));
Insert into XE.TBL_MEMBER (USER_ID,USER_PW,USER_NAME,EMAIL,POINT,ENABLED,LEVELS,REG_DATE,UPDATE_DATE) values ('user10','$2a$10$kIqR/PTloYan/MRNiEsy6uYO6OCHVmAKR4kflVKQkJ345nqTiuGeO','사용자',null,null,1,'ROLE_USER',to_timestamp('21/02/01 12:20:29.000000000','RR/MM/DD HH24:MI:SSXFF'),to_timestamp('21/02/01 12:20:29.000000000','RR/MM/DD HH24:MI:SSXFF'));
Insert into XE.TBL_MEMBER (USER_ID,USER_PW,USER_NAME,EMAIL,POINT,ENABLED,LEVELS,REG_DATE,UPDATE_DATE) values ('user11','$2a$10$kIqR/PTloYan/MRNiEsy6uYO6OCHVmAKR4kflVKQkJ345nqTiuGeO','사용자',null,null,1,'ROLE_USER',to_timestamp('21/02/01 12:20:30.000000000','RR/MM/DD HH24:MI:SSXFF'),to_timestamp('21/02/01 12:20:30.000000000','RR/MM/DD HH24:MI:SSXFF'));
Insert into XE.TBL_MEMBER (USER_ID,USER_PW,USER_NAME,EMAIL,POINT,ENABLED,LEVELS,REG_DATE,UPDATE_DATE) values ('user12','$2a$10$kIqR/PTloYan/MRNiEsy6uYO6OCHVmAKR4kflVKQkJ345nqTiuGeO','사용자',null,null,1,'ROLE_USER',to_timestamp('21/02/01 12:20:31.000000000','RR/MM/DD HH24:MI:SSXFF'),to_timestamp('21/02/01 12:20:31.000000000','RR/MM/DD HH24:MI:SSXFF'));
Insert into XE.TBL_MEMBER (USER_ID,USER_PW,USER_NAME,EMAIL,POINT,ENABLED,LEVELS,REG_DATE,UPDATE_DATE) values ('user13','$2a$10$kIqR/PTloYan/MRNiEsy6uYO6OCHVmAKR4kflVKQkJ345nqTiuGeO','사용자',null,null,1,'ROLE_USER',to_timestamp('21/02/01 12:20:32.000000000','RR/MM/DD HH24:MI:SSXFF'),to_timestamp('21/02/01 12:20:32.000000000','RR/MM/DD HH24:MI:SSXFF'));
Insert into XE.TBL_MEMBER (USER_ID,USER_PW,USER_NAME,EMAIL,POINT,ENABLED,LEVELS,REG_DATE,UPDATE_DATE) values ('user14','$2a$10$kIqR/PTloYan/MRNiEsy6uYO6OCHVmAKR4kflVKQkJ345nqTiuGeO','사용자',null,null,1,'ROLE_USER',to_timestamp('21/02/01 12:20:33.000000000','RR/MM/DD HH24:MI:SSXFF'),to_timestamp('21/02/01 12:20:33.000000000','RR/MM/DD HH24:MI:SSXFF'));
Insert into XE.TBL_MEMBER (USER_ID,USER_PW,USER_NAME,EMAIL,POINT,ENABLED,LEVELS,REG_DATE,UPDATE_DATE) values ('user15','$2a$10$kIqR/PTloYan/MRNiEsy6uYO6OCHVmAKR4kflVKQkJ345nqTiuGeO','사용자',null,null,1,'ROLE_USER',to_timestamp('21/02/01 12:20:34.000000000','RR/MM/DD HH24:MI:SSXFF'),to_timestamp('21/02/01 12:20:34.000000000','RR/MM/DD HH24:MI:SSXFF'));
Insert into XE.TBL_MEMBER (USER_ID,USER_PW,USER_NAME,EMAIL,POINT,ENABLED,LEVELS,REG_DATE,UPDATE_DATE) values ('user16','$2a$10$kIqR/PTloYan/MRNiEsy6uYO6OCHVmAKR4kflVKQkJ345nqTiuGeO','사용자',null,null,1,'ROLE_USER',to_timestamp('21/02/01 12:20:35.000000000','RR/MM/DD HH24:MI:SSXFF'),to_timestamp('21/02/01 12:20:35.000000000','RR/MM/DD HH24:MI:SSXFF'));
Insert into XE.TBL_MEMBER (USER_ID,USER_PW,USER_NAME,EMAIL,POINT,ENABLED,LEVELS,REG_DATE,UPDATE_DATE) values ('user17','$2a$10$kIqR/PTloYan/MRNiEsy6uYO6OCHVmAKR4kflVKQkJ345nqTiuGeO','사용자',null,null,1,'ROLE_USER',to_timestamp('21/02/01 12:20:36.000000000','RR/MM/DD HH24:MI:SSXFF'),to_timestamp('21/02/01 12:20:36.000000000','RR/MM/DD HH24:MI:SSXFF'));
Insert into XE.TBL_MEMBER (USER_ID,USER_PW,USER_NAME,EMAIL,POINT,ENABLED,LEVELS,REG_DATE,UPDATE_DATE) values ('user18','$2a$10$kIqR/PTloYan/MRNiEsy6uYO6OCHVmAKR4kflVKQkJ345nqTiuGeO','사용자',null,null,1,'ROLE_USER',to_timestamp('21/02/01 12:20:37.000000000','RR/MM/DD HH24:MI:SSXFF'),to_timestamp('21/02/01 12:20:37.000000000','RR/MM/DD HH24:MI:SSXFF'));
Insert into XE.TBL_MEMBER (USER_ID,USER_PW,USER_NAME,EMAIL,POINT,ENABLED,LEVELS,REG_DATE,UPDATE_DATE) values ('user19','$2a$10$kIqR/PTloYan/MRNiEsy6uYO6OCHVmAKR4kflVKQkJ345nqTiuGeO','사용자',null,null,1,'ROLE_USER',to_timestamp('21/02/01 12:20:38.000000000','RR/MM/DD HH24:MI:SSXFF'),to_timestamp('21/02/01 12:20:38.000000000','RR/MM/DD HH24:MI:SSXFF'));
Insert into XE.TBL_MEMBER (USER_ID,USER_PW,USER_NAME,EMAIL,POINT,ENABLED,LEVELS,REG_DATE,UPDATE_DATE) values ('user20','$2a$10$kIqR/PTloYan/MRNiEsy6uYO6OCHVmAKR4kflVKQkJ345nqTiuGeO','사용자',null,null,1,'ROLE_USER',to_timestamp('21/02/01 12:20:39.000000000','RR/MM/DD HH24:MI:SSXFF'),to_timestamp('21/02/01 12:20:39.000000000','RR/MM/DD HH24:MI:SSXFF'));
Insert into XE.TBL_MEMBER (USER_ID,USER_PW,USER_NAME,EMAIL,POINT,ENABLED,LEVELS,REG_DATE,UPDATE_DATE) values ('user21','$2a$10$kIqR/PTloYan/MRNiEsy6uYO6OCHVmAKR4kflVKQkJ345nqTiuGeO','사용자',null,null,1,'ROLE_USER',to_timestamp('21/02/01 12:20:40.000000000','RR/MM/DD HH24:MI:SSXFF'),to_timestamp('21/02/01 12:20:40.000000000','RR/MM/DD HH24:MI:SSXFF'));
Insert into XE.TBL_MEMBER (USER_ID,USER_PW,USER_NAME,EMAIL,POINT,ENABLED,LEVELS,REG_DATE,UPDATE_DATE) values ('user22','$2a$10$kIqR/PTloYan/MRNiEsy6uYO6OCHVmAKR4kflVKQkJ345nqTiuGeO','사용자',null,null,1,'ROLE_USER',to_timestamp('21/02/01 12:20:41.000000000','RR/MM/DD HH24:MI:SSXFF'),to_timestamp('21/02/01 12:20:41.000000000','RR/MM/DD HH24:MI:SSXFF'));
Insert into XE.TBL_MEMBER (USER_ID,USER_PW,USER_NAME,EMAIL,POINT,ENABLED,LEVELS,REG_DATE,UPDATE_DATE) values ('user23','$2a$10$kIqR/PTloYan/MRNiEsy6uYO6OCHVmAKR4kflVKQkJ345nqTiuGeO','사용자',null,null,1,'ROLE_USER',to_timestamp('21/02/01 12:20:42.000000000','RR/MM/DD HH24:MI:SSXFF'),to_timestamp('21/02/01 12:20:42.000000000','RR/MM/DD HH24:MI:SSXFF'));
Insert into XE.TBL_MEMBER (USER_ID,USER_PW,USER_NAME,EMAIL,POINT,ENABLED,LEVELS,REG_DATE,UPDATE_DATE) values ('user24','$2a$10$kIqR/PTloYan/MRNiEsy6uYO6OCHVmAKR4kflVKQkJ345nqTiuGeO','사용자',null,null,1,'ROLE_USER',to_timestamp('21/02/01 12:20:43.000000000','RR/MM/DD HH24:MI:SSXFF'),to_timestamp('21/02/01 12:20:43.000000000','RR/MM/DD HH24:MI:SSXFF'));
Insert into XE.TBL_MEMBER (USER_ID,USER_PW,USER_NAME,EMAIL,POINT,ENABLED,LEVELS,REG_DATE,UPDATE_DATE) values ('user25','$2a$10$kIqR/PTloYan/MRNiEsy6uYO6OCHVmAKR4kflVKQkJ345nqTiuGeO','사용자',null,null,1,'ROLE_USER',to_timestamp('21/02/01 12:20:44.000000000','RR/MM/DD HH24:MI:SSXFF'),to_timestamp('21/02/01 12:20:44.000000000','RR/MM/DD HH24:MI:SSXFF'));
Insert into XE.TBL_MEMBER (USER_ID,USER_PW,USER_NAME,EMAIL,POINT,ENABLED,LEVELS,REG_DATE,UPDATE_DATE) values ('user26','$2a$10$kIqR/PTloYan/MRNiEsy6uYO6OCHVmAKR4kflVKQkJ345nqTiuGeO','사용자',null,null,1,'ROLE_USER',to_timestamp('21/02/01 12:20:45.000000000','RR/MM/DD HH24:MI:SSXFF'),to_timestamp('21/02/01 12:20:45.000000000','RR/MM/DD HH24:MI:SSXFF'));
Insert into XE.TBL_MEMBER (USER_ID,USER_PW,USER_NAME,EMAIL,POINT,ENABLED,LEVELS,REG_DATE,UPDATE_DATE) values ('user27','$2a$10$kIqR/PTloYan/MRNiEsy6uYO6OCHVmAKR4kflVKQkJ345nqTiuGeO','사용자',null,null,1,'ROLE_USER',to_timestamp('21/02/01 12:20:46.000000000','RR/MM/DD HH24:MI:SSXFF'),to_timestamp('21/02/01 12:20:46.000000000','RR/MM/DD HH24:MI:SSXFF'));
Insert into XE.TBL_MEMBER (USER_ID,USER_PW,USER_NAME,EMAIL,POINT,ENABLED,LEVELS,REG_DATE,UPDATE_DATE) values ('user28','$2a$10$kIqR/PTloYan/MRNiEsy6uYO6OCHVmAKR4kflVKQkJ345nqTiuGeO','사용자',null,null,1,'ROLE_USER',to_timestamp('21/02/01 12:20:47.000000000','RR/MM/DD HH24:MI:SSXFF'),to_timestamp('21/02/01 12:20:47.000000000','RR/MM/DD HH24:MI:SSXFF'));
Insert into XE.TBL_MEMBER (USER_ID,USER_PW,USER_NAME,EMAIL,POINT,ENABLED,LEVELS,REG_DATE,UPDATE_DATE) values ('user29','$2a$10$kIqR/PTloYan/MRNiEsy6uYO6OCHVmAKR4kflVKQkJ345nqTiuGeO','사용자',null,null,1,'ROLE_USER',to_timestamp('21/02/01 12:20:48.000000000','RR/MM/DD HH24:MI:SSXFF'),to_timestamp('21/02/01 12:20:48.000000000','RR/MM/DD HH24:MI:SSXFF'));
Insert into XE.TBL_MEMBER (USER_ID,USER_PW,USER_NAME,EMAIL,POINT,ENABLED,LEVELS,REG_DATE,UPDATE_DATE) values ('user30','$2a$10$kIqR/PTloYan/MRNiEsy6uYO6OCHVmAKR4kflVKQkJ345nqTiuGeO','사용자',null,null,1,'ROLE_USER',to_timestamp('21/02/01 12:20:49.000000000','RR/MM/DD HH24:MI:SSXFF'),to_timestamp('21/02/01 12:20:49.000000000','RR/MM/DD HH24:MI:SSXFF'));
Insert into XE.TBL_MEMBER (USER_ID,USER_PW,USER_NAME,EMAIL,POINT,ENABLED,LEVELS,REG_DATE,UPDATE_DATE) values ('user31','$2a$10$kIqR/PTloYan/MRNiEsy6uYO6OCHVmAKR4kflVKQkJ345nqTiuGeO','사용자',null,null,1,'ROLE_USER',to_timestamp('21/02/01 12:20:50.000000000','RR/MM/DD HH24:MI:SSXFF'),to_timestamp('21/02/01 12:20:50.000000000','RR/MM/DD HH24:MI:SSXFF'));
Insert into XE.TBL_MEMBER (USER_ID,USER_PW,USER_NAME,EMAIL,POINT,ENABLED,LEVELS,REG_DATE,UPDATE_DATE) values ('user32','$2a$10$kIqR/PTloYan/MRNiEsy6uYO6OCHVmAKR4kflVKQkJ345nqTiuGeO','사용자',null,null,1,'ROLE_USER',to_timestamp('21/02/01 12:20:51.000000000','RR/MM/DD HH24:MI:SSXFF'),to_timestamp('21/02/01 12:20:51.000000000','RR/MM/DD HH24:MI:SSXFF'));
Insert into XE.TBL_MEMBER (USER_ID,USER_PW,USER_NAME,EMAIL,POINT,ENABLED,LEVELS,REG_DATE,UPDATE_DATE) values ('user33','$2a$10$kIqR/PTloYan/MRNiEsy6uYO6OCHVmAKR4kflVKQkJ345nqTiuGeO','사용자',null,null,1,'ROLE_USER',to_timestamp('21/02/01 12:20:52.000000000','RR/MM/DD HH24:MI:SSXFF'),to_timestamp('21/02/01 12:20:52.000000000','RR/MM/DD HH24:MI:SSXFF'));
Insert into XE.TBL_MEMBER (USER_ID,USER_PW,USER_NAME,EMAIL,POINT,ENABLED,LEVELS,REG_DATE,UPDATE_DATE) values ('user34','$2a$10$kIqR/PTloYan/MRNiEsy6uYO6OCHVmAKR4kflVKQkJ345nqTiuGeO','사용자',null,null,1,'ROLE_USER',to_timestamp('21/02/01 12:20:53.000000000','RR/MM/DD HH24:MI:SSXFF'),to_timestamp('21/02/01 12:20:53.000000000','RR/MM/DD HH24:MI:SSXFF'));
Insert into XE.TBL_MEMBER (USER_ID,USER_PW,USER_NAME,EMAIL,POINT,ENABLED,LEVELS,REG_DATE,UPDATE_DATE) values ('user35','$2a$10$kIqR/PTloYan/MRNiEsy6uYO6OCHVmAKR4kflVKQkJ345nqTiuGeO','사용자',null,null,1,'ROLE_USER',to_timestamp('21/02/01 12:20:54.000000000','RR/MM/DD HH24:MI:SSXFF'),to_timestamp('21/02/01 12:20:54.000000000','RR/MM/DD HH24:MI:SSXFF'));
Insert into XE.TBL_MEMBER (USER_ID,USER_PW,USER_NAME,EMAIL,POINT,ENABLED,LEVELS,REG_DATE,UPDATE_DATE) values ('user36','$2a$10$kIqR/PTloYan/MRNiEsy6uYO6OCHVmAKR4kflVKQkJ345nqTiuGeO','사용자',null,null,1,'ROLE_USER',to_timestamp('21/02/01 12:20:55.000000000','RR/MM/DD HH24:MI:SSXFF'),to_timestamp('21/02/01 12:20:55.000000000','RR/MM/DD HH24:MI:SSXFF'));
Insert into XE.TBL_MEMBER (USER_ID,USER_PW,USER_NAME,EMAIL,POINT,ENABLED,LEVELS,REG_DATE,UPDATE_DATE) values ('user37','$2a$10$kIqR/PTloYan/MRNiEsy6uYO6OCHVmAKR4kflVKQkJ345nqTiuGeO','사용자',null,null,1,'ROLE_USER',to_timestamp('21/02/01 12:20:56.000000000','RR/MM/DD HH24:MI:SSXFF'),to_timestamp('21/02/01 12:20:56.000000000','RR/MM/DD HH24:MI:SSXFF'));
Insert into XE.TBL_MEMBER (USER_ID,USER_PW,USER_NAME,EMAIL,POINT,ENABLED,LEVELS,REG_DATE,UPDATE_DATE) values ('user38','$2a$10$kIqR/PTloYan/MRNiEsy6uYO6OCHVmAKR4kflVKQkJ345nqTiuGeO','사용자',null,null,1,'ROLE_USER',to_timestamp('21/02/01 12:20:57.000000000','RR/MM/DD HH24:MI:SSXFF'),to_timestamp('21/02/01 12:20:57.000000000','RR/MM/DD HH24:MI:SSXFF'));
Insert into XE.TBL_MEMBER (USER_ID,USER_PW,USER_NAME,EMAIL,POINT,ENABLED,LEVELS,REG_DATE,UPDATE_DATE) values ('user39','$2a$10$kIqR/PTloYan/MRNiEsy6uYO6OCHVmAKR4kflVKQkJ345nqTiuGeO','사용자',null,null,1,'ROLE_USER',to_timestamp('21/02/01 12:20:58.000000000','RR/MM/DD HH24:MI:SSXFF'),to_timestamp('21/02/01 12:20:58.000000000','RR/MM/DD HH24:MI:SSXFF'));
Insert into XE.TBL_MEMBER (USER_ID,USER_PW,USER_NAME,EMAIL,POINT,ENABLED,LEVELS,REG_DATE,UPDATE_DATE) values ('user40','$2a$10$kIqR/PTloYan/MRNiEsy6uYO6OCHVmAKR4kflVKQkJ345nqTiuGeO','사용자',null,null,1,'ROLE_USER',to_timestamp('21/02/01 12:20:59.000000000','RR/MM/DD HH24:MI:SSXFF'),to_timestamp('21/02/01 12:20:59.000000000','RR/MM/DD HH24:MI:SSXFF'));
Insert into XE.TBL_MEMBER (USER_ID,USER_PW,USER_NAME,EMAIL,POINT,ENABLED,LEVELS,REG_DATE,UPDATE_DATE) values ('user41','$2a$10$kIqR/PTloYan/MRNiEsy6uYO6OCHVmAKR4kflVKQkJ345nqTiuGeO','사용자',null,null,1,'ROLE_USER',to_timestamp('21/02/01 12:21:00.000000000','RR/MM/DD HH24:MI:SSXFF'),to_timestamp('21/02/01 12:21:00.000000000','RR/MM/DD HH24:MI:SSXFF'));
Insert into XE.TBL_MEMBER (USER_ID,USER_PW,USER_NAME,EMAIL,POINT,ENABLED,LEVELS,REG_DATE,UPDATE_DATE) values ('user42','$2a$10$kIqR/PTloYan/MRNiEsy6uYO6OCHVmAKR4kflVKQkJ345nqTiuGeO','사용자',null,null,1,'ROLE_USER',to_timestamp('21/02/01 12:21:01.000000000','RR/MM/DD HH24:MI:SSXFF'),to_timestamp('21/02/01 12:21:01.000000000','RR/MM/DD HH24:MI:SSXFF'));
Insert into XE.TBL_MEMBER (USER_ID,USER_PW,USER_NAME,EMAIL,POINT,ENABLED,LEVELS,REG_DATE,UPDATE_DATE) values ('user43','$2a$10$kIqR/PTloYan/MRNiEsy6uYO6OCHVmAKR4kflVKQkJ345nqTiuGeO','사용자',null,null,1,'ROLE_USER',to_timestamp('21/02/01 12:21:02.000000000','RR/MM/DD HH24:MI:SSXFF'),to_timestamp('21/02/01 12:21:02.000000000','RR/MM/DD HH24:MI:SSXFF'));
Insert into XE.TBL_MEMBER (USER_ID,USER_PW,USER_NAME,EMAIL,POINT,ENABLED,LEVELS,REG_DATE,UPDATE_DATE) values ('user44','$2a$10$kIqR/PTloYan/MRNiEsy6uYO6OCHVmAKR4kflVKQkJ345nqTiuGeO','사용자',null,null,1,'ROLE_USER',to_timestamp('21/02/01 12:21:03.000000000','RR/MM/DD HH24:MI:SSXFF'),to_timestamp('21/02/01 12:21:03.000000000','RR/MM/DD HH24:MI:SSXFF'));
Insert into XE.TBL_MEMBER (USER_ID,USER_PW,USER_NAME,EMAIL,POINT,ENABLED,LEVELS,REG_DATE,UPDATE_DATE) values ('user45','$2a$10$kIqR/PTloYan/MRNiEsy6uYO6OCHVmAKR4kflVKQkJ345nqTiuGeO','사용자',null,null,1,'ROLE_USER',to_timestamp('21/02/01 12:21:04.000000000','RR/MM/DD HH24:MI:SSXFF'),to_timestamp('21/02/01 12:21:04.000000000','RR/MM/DD HH24:MI:SSXFF'));
Insert into XE.TBL_MEMBER (USER_ID,USER_PW,USER_NAME,EMAIL,POINT,ENABLED,LEVELS,REG_DATE,UPDATE_DATE) values ('user46','$2a$10$kIqR/PTloYan/MRNiEsy6uYO6OCHVmAKR4kflVKQkJ345nqTiuGeO','사용자',null,null,1,'ROLE_USER',to_timestamp('21/02/01 12:21:05.000000000','RR/MM/DD HH24:MI:SSXFF'),to_timestamp('21/02/01 12:21:05.000000000','RR/MM/DD HH24:MI:SSXFF'));
Insert into XE.TBL_MEMBER (USER_ID,USER_PW,USER_NAME,EMAIL,POINT,ENABLED,LEVELS,REG_DATE,UPDATE_DATE) values ('user47','$2a$10$kIqR/PTloYan/MRNiEsy6uYO6OCHVmAKR4kflVKQkJ345nqTiuGeO','사용자',null,null,1,'ROLE_USER',to_timestamp('21/02/01 12:21:06.000000000','RR/MM/DD HH24:MI:SSXFF'),to_timestamp('21/02/01 12:21:06.000000000','RR/MM/DD HH24:MI:SSXFF'));
Insert into XE.TBL_MEMBER (USER_ID,USER_PW,USER_NAME,EMAIL,POINT,ENABLED,LEVELS,REG_DATE,UPDATE_DATE) values ('user48','$2a$10$kIqR/PTloYan/MRNiEsy6uYO6OCHVmAKR4kflVKQkJ345nqTiuGeO','사용자',null,null,1,'ROLE_USER',to_timestamp('21/02/01 12:21:07.000000000','RR/MM/DD HH24:MI:SSXFF'),to_timestamp('21/02/01 12:21:07.000000000','RR/MM/DD HH24:MI:SSXFF'));
Insert into XE.TBL_MEMBER (USER_ID,USER_PW,USER_NAME,EMAIL,POINT,ENABLED,LEVELS,REG_DATE,UPDATE_DATE) values ('user49','$2a$10$kIqR/PTloYan/MRNiEsy6uYO6OCHVmAKR4kflVKQkJ345nqTiuGeO','사용자',null,null,1,'ROLE_USER',to_timestamp('21/02/01 12:21:08.000000000','RR/MM/DD HH24:MI:SSXFF'),to_timestamp('21/02/01 12:21:08.000000000','RR/MM/DD HH24:MI:SSXFF'));
Insert into XE.TBL_MEMBER (USER_ID,USER_PW,USER_NAME,EMAIL,POINT,ENABLED,LEVELS,REG_DATE,UPDATE_DATE) values ('user50','$2a$10$kIqR/PTloYan/MRNiEsy6uYO6OCHVmAKR4kflVKQkJ345nqTiuGeO','사용자',null,null,1,'ROLE_USER',to_timestamp('21/02/01 12:21:09.000000000','RR/MM/DD HH24:MI:SSXFF'),to_timestamp('21/02/01 12:21:09.000000000','RR/MM/DD HH24:MI:SSXFF'));
Insert into XE.TBL_MEMBER (USER_ID,USER_PW,USER_NAME,EMAIL,POINT,ENABLED,LEVELS,REG_DATE,UPDATE_DATE) values ('user51','$2a$10$kIqR/PTloYan/MRNiEsy6uYO6OCHVmAKR4kflVKQkJ345nqTiuGeO','사용자',null,null,1,'ROLE_USER',to_timestamp('21/02/01 12:21:10.000000000','RR/MM/DD HH24:MI:SSXFF'),to_timestamp('21/02/01 12:21:10.000000000','RR/MM/DD HH24:MI:SSXFF'));
Insert into XE.TBL_MEMBER (USER_ID,USER_PW,USER_NAME,EMAIL,POINT,ENABLED,LEVELS,REG_DATE,UPDATE_DATE) values ('user52','$2a$10$kIqR/PTloYan/MRNiEsy6uYO6OCHVmAKR4kflVKQkJ345nqTiuGeO','사용자',null,null,1,'ROLE_USER',to_timestamp('21/02/01 12:21:11.000000000','RR/MM/DD HH24:MI:SSXFF'),to_timestamp('21/02/01 12:21:11.000000000','RR/MM/DD HH24:MI:SSXFF'));
Insert into XE.TBL_MEMBER (USER_ID,USER_PW,USER_NAME,EMAIL,POINT,ENABLED,LEVELS,REG_DATE,UPDATE_DATE) values ('user53','$2a$10$kIqR/PTloYan/MRNiEsy6uYO6OCHVmAKR4kflVKQkJ345nqTiuGeO','사용자',null,null,1,'ROLE_USER',to_timestamp('21/02/01 12:21:12.000000000','RR/MM/DD HH24:MI:SSXFF'),to_timestamp('21/02/01 12:21:12.000000000','RR/MM/DD HH24:MI:SSXFF'));
Insert into XE.TBL_MEMBER (USER_ID,USER_PW,USER_NAME,EMAIL,POINT,ENABLED,LEVELS,REG_DATE,UPDATE_DATE) values ('user54','$2a$10$kIqR/PTloYan/MRNiEsy6uYO6OCHVmAKR4kflVKQkJ345nqTiuGeO','사용자',null,null,1,'ROLE_USER',to_timestamp('21/02/01 12:21:13.000000000','RR/MM/DD HH24:MI:SSXFF'),to_timestamp('21/02/01 12:21:13.000000000','RR/MM/DD HH24:MI:SSXFF'));
Insert into XE.TBL_MEMBER (USER_ID,USER_PW,USER_NAME,EMAIL,POINT,ENABLED,LEVELS,REG_DATE,UPDATE_DATE) values ('user55','$2a$10$kIqR/PTloYan/MRNiEsy6uYO6OCHVmAKR4kflVKQkJ345nqTiuGeO','사용자',null,null,1,'ROLE_USER',to_timestamp('21/02/01 12:21:14.000000000','RR/MM/DD HH24:MI:SSXFF'),to_timestamp('21/02/01 12:21:14.000000000','RR/MM/DD HH24:MI:SSXFF'));
Insert into XE.TBL_MEMBER (USER_ID,USER_PW,USER_NAME,EMAIL,POINT,ENABLED,LEVELS,REG_DATE,UPDATE_DATE) values ('user56','$2a$10$kIqR/PTloYan/MRNiEsy6uYO6OCHVmAKR4kflVKQkJ345nqTiuGeO','사용자',null,null,1,'ROLE_USER',to_timestamp('21/02/01 12:21:15.000000000','RR/MM/DD HH24:MI:SSXFF'),to_timestamp('21/02/01 12:21:15.000000000','RR/MM/DD HH24:MI:SSXFF'));
Insert into XE.TBL_MEMBER (USER_ID,USER_PW,USER_NAME,EMAIL,POINT,ENABLED,LEVELS,REG_DATE,UPDATE_DATE) values ('user57','$2a$10$kIqR/PTloYan/MRNiEsy6uYO6OCHVmAKR4kflVKQkJ345nqTiuGeO','사용자',null,null,1,'ROLE_USER',to_timestamp('21/02/01 12:21:16.000000000','RR/MM/DD HH24:MI:SSXFF'),to_timestamp('21/02/01 12:21:16.000000000','RR/MM/DD HH24:MI:SSXFF'));
Insert into XE.TBL_MEMBER (USER_ID,USER_PW,USER_NAME,EMAIL,POINT,ENABLED,LEVELS,REG_DATE,UPDATE_DATE) values ('user58','$2a$10$kIqR/PTloYan/MRNiEsy6uYO6OCHVmAKR4kflVKQkJ345nqTiuGeO','사용자',null,null,1,'ROLE_USER',to_timestamp('21/02/01 12:21:17.000000000','RR/MM/DD HH24:MI:SSXFF'),to_timestamp('21/02/01 12:21:17.000000000','RR/MM/DD HH24:MI:SSXFF'));
Insert into XE.TBL_MEMBER (USER_ID,USER_PW,USER_NAME,EMAIL,POINT,ENABLED,LEVELS,REG_DATE,UPDATE_DATE) values ('user59','$2a$10$kIqR/PTloYan/MRNiEsy6uYO6OCHVmAKR4kflVKQkJ345nqTiuGeO','사용자',null,null,1,'ROLE_USER',to_timestamp('21/02/01 12:21:18.000000000','RR/MM/DD HH24:MI:SSXFF'),to_timestamp('21/02/01 12:21:18.000000000','RR/MM/DD HH24:MI:SSXFF'));
Insert into XE.TBL_MEMBER (USER_ID,USER_PW,USER_NAME,EMAIL,POINT,ENABLED,LEVELS,REG_DATE,UPDATE_DATE) values ('user60','$2a$10$kIqR/PTloYan/MRNiEsy6uYO6OCHVmAKR4kflVKQkJ345nqTiuGeO','사용자',null,null,1,'ROLE_USER',to_timestamp('21/02/01 12:21:19.000000000','RR/MM/DD HH24:MI:SSXFF'),to_timestamp('21/02/01 12:21:19.000000000','RR/MM/DD HH24:MI:SSXFF'));
Insert into XE.TBL_MEMBER (USER_ID,USER_PW,USER_NAME,EMAIL,POINT,ENABLED,LEVELS,REG_DATE,UPDATE_DATE) values ('user61','$2a$10$kIqR/PTloYan/MRNiEsy6uYO6OCHVmAKR4kflVKQkJ345nqTiuGeO','사용자',null,null,1,'ROLE_USER',to_timestamp('21/02/01 12:21:20.000000000','RR/MM/DD HH24:MI:SSXFF'),to_timestamp('21/02/01 12:21:20.000000000','RR/MM/DD HH24:MI:SSXFF'));
Insert into XE.TBL_MEMBER (USER_ID,USER_PW,USER_NAME,EMAIL,POINT,ENABLED,LEVELS,REG_DATE,UPDATE_DATE) values ('user62','$2a$10$kIqR/PTloYan/MRNiEsy6uYO6OCHVmAKR4kflVKQkJ345nqTiuGeO','사용자',null,null,1,'ROLE_USER',to_timestamp('21/02/01 12:21:21.000000000','RR/MM/DD HH24:MI:SSXFF'),to_timestamp('21/02/01 12:21:21.000000000','RR/MM/DD HH24:MI:SSXFF'));
Insert into XE.TBL_MEMBER (USER_ID,USER_PW,USER_NAME,EMAIL,POINT,ENABLED,LEVELS,REG_DATE,UPDATE_DATE) values ('user63','$2a$10$kIqR/PTloYan/MRNiEsy6uYO6OCHVmAKR4kflVKQkJ345nqTiuGeO','사용자',null,null,1,'ROLE_USER',to_timestamp('21/02/01 12:21:22.000000000','RR/MM/DD HH24:MI:SSXFF'),to_timestamp('21/02/01 12:21:22.000000000','RR/MM/DD HH24:MI:SSXFF'));
Insert into XE.TBL_MEMBER (USER_ID,USER_PW,USER_NAME,EMAIL,POINT,ENABLED,LEVELS,REG_DATE,UPDATE_DATE) values ('user90','$2a$10$kIqR/PTloYan/MRNiEsy6uYO6OCHVmAKR4kflVKQkJ345nqTiuGeO','사용자',null,null,1,'ROLE_USER',to_timestamp('21/02/01 12:21:49.000000000','RR/MM/DD HH24:MI:SSXFF'),to_timestamp('21/02/01 12:21:49.000000000','RR/MM/DD HH24:MI:SSXFF'));
Insert into XE.TBL_MEMBER (USER_ID,USER_PW,USER_NAME,EMAIL,POINT,ENABLED,LEVELS,REG_DATE,UPDATE_DATE) values ('user91','$2a$10$kIqR/PTloYan/MRNiEsy6uYO6OCHVmAKR4kflVKQkJ345nqTiuGeO','사용자',null,null,1,'ROLE_USER',to_timestamp('21/02/01 12:21:50.000000000','RR/MM/DD HH24:MI:SSXFF'),to_timestamp('21/02/01 12:21:50.000000000','RR/MM/DD HH24:MI:SSXFF'));
Insert into XE.TBL_MEMBER (USER_ID,USER_PW,USER_NAME,EMAIL,POINT,ENABLED,LEVELS,REG_DATE,UPDATE_DATE) values ('user92','$2a$10$kIqR/PTloYan/MRNiEsy6uYO6OCHVmAKR4kflVKQkJ345nqTiuGeO','사용자',null,null,1,'ROLE_USER',to_timestamp('21/02/01 12:21:51.000000000','RR/MM/DD HH24:MI:SSXFF'),to_timestamp('21/02/01 12:21:51.000000000','RR/MM/DD HH24:MI:SSXFF'));
Insert into XE.TBL_MEMBER (USER_ID,USER_PW,USER_NAME,EMAIL,POINT,ENABLED,LEVELS,REG_DATE,UPDATE_DATE) values ('user93','$2a$10$kIqR/PTloYan/MRNiEsy6uYO6OCHVmAKR4kflVKQkJ345nqTiuGeO','사용자',null,null,1,'ROLE_USER',to_timestamp('21/02/01 12:21:52.000000000','RR/MM/DD HH24:MI:SSXFF'),to_timestamp('21/02/01 12:21:52.000000000','RR/MM/DD HH24:MI:SSXFF'));
Insert into XE.TBL_MEMBER (USER_ID,USER_PW,USER_NAME,EMAIL,POINT,ENABLED,LEVELS,REG_DATE,UPDATE_DATE) values ('user94','$2a$10$kIqR/PTloYan/MRNiEsy6uYO6OCHVmAKR4kflVKQkJ345nqTiuGeO','사용자',null,null,1,'ROLE_USER',to_timestamp('21/02/01 12:21:53.000000000','RR/MM/DD HH24:MI:SSXFF'),to_timestamp('21/02/01 12:21:53.000000000','RR/MM/DD HH24:MI:SSXFF'));
Insert into XE.TBL_MEMBER (USER_ID,USER_PW,USER_NAME,EMAIL,POINT,ENABLED,LEVELS,REG_DATE,UPDATE_DATE) values ('user95','$2a$10$kIqR/PTloYan/MRNiEsy6uYO6OCHVmAKR4kflVKQkJ345nqTiuGeO','사용자',null,null,1,'ROLE_USER',to_timestamp('21/02/01 12:21:54.000000000','RR/MM/DD HH24:MI:SSXFF'),to_timestamp('21/02/01 12:21:54.000000000','RR/MM/DD HH24:MI:SSXFF'));
Insert into XE.TBL_MEMBER (USER_ID,USER_PW,USER_NAME,EMAIL,POINT,ENABLED,LEVELS,REG_DATE,UPDATE_DATE) values ('user96','$2a$10$kIqR/PTloYan/MRNiEsy6uYO6OCHVmAKR4kflVKQkJ345nqTiuGeO','사용자',null,null,1,'ROLE_USER',to_timestamp('21/02/01 12:21:55.000000000','RR/MM/DD HH24:MI:SSXFF'),to_timestamp('21/02/01 12:21:55.000000000','RR/MM/DD HH24:MI:SSXFF'));
Insert into XE.TBL_MEMBER (USER_ID,USER_PW,USER_NAME,EMAIL,POINT,ENABLED,LEVELS,REG_DATE,UPDATE_DATE) values ('user97','$2a$10$kIqR/PTloYan/MRNiEsy6uYO6OCHVmAKR4kflVKQkJ345nqTiuGeO','사용자',null,null,1,'ROLE_USER',to_timestamp('21/02/01 12:21:56.000000000','RR/MM/DD HH24:MI:SSXFF'),to_timestamp('21/02/01 12:21:56.000000000','RR/MM/DD HH24:MI:SSXFF'));
Insert into XE.TBL_MEMBER (USER_ID,USER_PW,USER_NAME,EMAIL,POINT,ENABLED,LEVELS,REG_DATE,UPDATE_DATE) values ('user98','$2a$10$kIqR/PTloYan/MRNiEsy6uYO6OCHVmAKR4kflVKQkJ345nqTiuGeO','사용자',null,null,1,'ROLE_USER',to_timestamp('21/02/01 12:21:57.000000000','RR/MM/DD HH24:MI:SSXFF'),to_timestamp('21/02/01 12:21:57.000000000','RR/MM/DD HH24:MI:SSXFF'));
Insert into XE.TBL_MEMBER (USER_ID,USER_PW,USER_NAME,EMAIL,POINT,ENABLED,LEVELS,REG_DATE,UPDATE_DATE) values ('user99','$2a$10$kIqR/PTloYan/MRNiEsy6uYO6OCHVmAKR4kflVKQkJ345nqTiuGeO','사용자',null,null,1,'ROLE_USER',to_timestamp('21/02/01 12:21:58.000000000','RR/MM/DD HH24:MI:SSXFF'),to_timestamp('21/02/01 12:21:58.000000000','RR/MM/DD HH24:MI:SSXFF'));
Insert into XE.TBL_MEMBER (USER_ID,USER_PW,USER_NAME,EMAIL,POINT,ENABLED,LEVELS,REG_DATE,UPDATE_DATE) values ('admin','$2a$10$kIqR/PTloYan/MRNiEsy6uYO6OCHVmAKR4kflVKQkJ345nqTiuGeO','관리자',null,null,1,'ROLE_ADMIN',to_timestamp('21/02/01 12:21:59.000000000','RR/MM/DD HH24:MI:SSXFF'),to_timestamp('21/02/01 12:21:59.000000000','RR/MM/DD HH24:MI:SSXFF'));
Insert into XE.TBL_MEMBER (USER_ID,USER_PW,USER_NAME,EMAIL,POINT,ENABLED,LEVELS,REG_DATE,UPDATE_DATE) values ('user64','$2a$10$kIqR/PTloYan/MRNiEsy6uYO6OCHVmAKR4kflVKQkJ345nqTiuGeO','사용자',null,null,1,'ROLE_USER',to_timestamp('21/02/01 12:21:23.000000000','RR/MM/DD HH24:MI:SSXFF'),to_timestamp('21/02/01 12:21:23.000000000','RR/MM/DD HH24:MI:SSXFF'));
Insert into XE.TBL_MEMBER (USER_ID,USER_PW,USER_NAME,EMAIL,POINT,ENABLED,LEVELS,REG_DATE,UPDATE_DATE) values ('user65','$2a$10$kIqR/PTloYan/MRNiEsy6uYO6OCHVmAKR4kflVKQkJ345nqTiuGeO','사용자',null,null,1,'ROLE_USER',to_timestamp('21/02/01 12:21:24.000000000','RR/MM/DD HH24:MI:SSXFF'),to_timestamp('21/02/01 12:21:24.000000000','RR/MM/DD HH24:MI:SSXFF'));
Insert into XE.TBL_MEMBER (USER_ID,USER_PW,USER_NAME,EMAIL,POINT,ENABLED,LEVELS,REG_DATE,UPDATE_DATE) values ('user66','$2a$10$kIqR/PTloYan/MRNiEsy6uYO6OCHVmAKR4kflVKQkJ345nqTiuGeO','사용자',null,null,1,'ROLE_USER',to_timestamp('21/02/01 12:21:25.000000000','RR/MM/DD HH24:MI:SSXFF'),to_timestamp('21/02/01 12:21:25.000000000','RR/MM/DD HH24:MI:SSXFF'));
Insert into XE.TBL_MEMBER (USER_ID,USER_PW,USER_NAME,EMAIL,POINT,ENABLED,LEVELS,REG_DATE,UPDATE_DATE) values ('user67','$2a$10$kIqR/PTloYan/MRNiEsy6uYO6OCHVmAKR4kflVKQkJ345nqTiuGeO','사용자',null,null,1,'ROLE_USER',to_timestamp('21/02/01 12:21:26.000000000','RR/MM/DD HH24:MI:SSXFF'),to_timestamp('21/02/01 12:21:26.000000000','RR/MM/DD HH24:MI:SSXFF'));
Insert into XE.TBL_MEMBER (USER_ID,USER_PW,USER_NAME,EMAIL,POINT,ENABLED,LEVELS,REG_DATE,UPDATE_DATE) values ('user68','$2a$10$kIqR/PTloYan/MRNiEsy6uYO6OCHVmAKR4kflVKQkJ345nqTiuGeO','사용자',null,null,1,'ROLE_USER',to_timestamp('21/02/01 12:21:27.000000000','RR/MM/DD HH24:MI:SSXFF'),to_timestamp('21/02/01 12:21:27.000000000','RR/MM/DD HH24:MI:SSXFF'));
Insert into XE.TBL_MEMBER (USER_ID,USER_PW,USER_NAME,EMAIL,POINT,ENABLED,LEVELS,REG_DATE,UPDATE_DATE) values ('user69','$2a$10$kIqR/PTloYan/MRNiEsy6uYO6OCHVmAKR4kflVKQkJ345nqTiuGeO','사용자',null,null,1,'ROLE_USER',to_timestamp('21/02/01 12:21:28.000000000','RR/MM/DD HH24:MI:SSXFF'),to_timestamp('21/02/01 12:21:28.000000000','RR/MM/DD HH24:MI:SSXFF'));
Insert into XE.TBL_MEMBER (USER_ID,USER_PW,USER_NAME,EMAIL,POINT,ENABLED,LEVELS,REG_DATE,UPDATE_DATE) values ('user70','$2a$10$kIqR/PTloYan/MRNiEsy6uYO6OCHVmAKR4kflVKQkJ345nqTiuGeO','사용자',null,null,1,'ROLE_USER',to_timestamp('21/02/01 12:21:29.000000000','RR/MM/DD HH24:MI:SSXFF'),to_timestamp('21/02/01 12:21:29.000000000','RR/MM/DD HH24:MI:SSXFF'));
Insert into XE.TBL_MEMBER (USER_ID,USER_PW,USER_NAME,EMAIL,POINT,ENABLED,LEVELS,REG_DATE,UPDATE_DATE) values ('user71','$2a$10$kIqR/PTloYan/MRNiEsy6uYO6OCHVmAKR4kflVKQkJ345nqTiuGeO','사용자',null,null,1,'ROLE_USER',to_timestamp('21/02/01 12:21:30.000000000','RR/MM/DD HH24:MI:SSXFF'),to_timestamp('21/02/01 12:21:30.000000000','RR/MM/DD HH24:MI:SSXFF'));
Insert into XE.TBL_MEMBER (USER_ID,USER_PW,USER_NAME,EMAIL,POINT,ENABLED,LEVELS,REG_DATE,UPDATE_DATE) values ('user72','$2a$10$kIqR/PTloYan/MRNiEsy6uYO6OCHVmAKR4kflVKQkJ345nqTiuGeO','사용자',null,null,1,'ROLE_USER',to_timestamp('21/02/01 12:21:31.000000000','RR/MM/DD HH24:MI:SSXFF'),to_timestamp('21/02/01 12:21:31.000000000','RR/MM/DD HH24:MI:SSXFF'));
Insert into XE.TBL_MEMBER (USER_ID,USER_PW,USER_NAME,EMAIL,POINT,ENABLED,LEVELS,REG_DATE,UPDATE_DATE) values ('user73','$2a$10$kIqR/PTloYan/MRNiEsy6uYO6OCHVmAKR4kflVKQkJ345nqTiuGeO','사용자',null,null,1,'ROLE_USER',to_timestamp('21/02/01 12:21:32.000000000','RR/MM/DD HH24:MI:SSXFF'),to_timestamp('21/02/01 12:21:32.000000000','RR/MM/DD HH24:MI:SSXFF'));
Insert into XE.TBL_MEMBER (USER_ID,USER_PW,USER_NAME,EMAIL,POINT,ENABLED,LEVELS,REG_DATE,UPDATE_DATE) values ('user74','$2a$10$kIqR/PTloYan/MRNiEsy6uYO6OCHVmAKR4kflVKQkJ345nqTiuGeO','사용자',null,null,1,'ROLE_USER',to_timestamp('21/02/01 12:21:33.000000000','RR/MM/DD HH24:MI:SSXFF'),to_timestamp('21/02/01 12:21:33.000000000','RR/MM/DD HH24:MI:SSXFF'));
Insert into XE.TBL_MEMBER (USER_ID,USER_PW,USER_NAME,EMAIL,POINT,ENABLED,LEVELS,REG_DATE,UPDATE_DATE) values ('user75','$2a$10$kIqR/PTloYan/MRNiEsy6uYO6OCHVmAKR4kflVKQkJ345nqTiuGeO','사용자',null,null,1,'ROLE_USER',to_timestamp('21/02/01 12:21:34.000000000','RR/MM/DD HH24:MI:SSXFF'),to_timestamp('21/02/01 12:21:34.000000000','RR/MM/DD HH24:MI:SSXFF'));
Insert into XE.TBL_MEMBER (USER_ID,USER_PW,USER_NAME,EMAIL,POINT,ENABLED,LEVELS,REG_DATE,UPDATE_DATE) values ('user76','$2a$10$kIqR/PTloYan/MRNiEsy6uYO6OCHVmAKR4kflVKQkJ345nqTiuGeO','사용자',null,null,1,'ROLE_USER',to_timestamp('21/02/01 12:21:35.000000000','RR/MM/DD HH24:MI:SSXFF'),to_timestamp('21/02/01 12:21:35.000000000','RR/MM/DD HH24:MI:SSXFF'));
Insert into XE.TBL_MEMBER (USER_ID,USER_PW,USER_NAME,EMAIL,POINT,ENABLED,LEVELS,REG_DATE,UPDATE_DATE) values ('user77','$2a$10$kIqR/PTloYan/MRNiEsy6uYO6OCHVmAKR4kflVKQkJ345nqTiuGeO','사용자',null,null,1,'ROLE_USER',to_timestamp('21/02/01 12:21:36.000000000','RR/MM/DD HH24:MI:SSXFF'),to_timestamp('21/02/01 12:21:36.000000000','RR/MM/DD HH24:MI:SSXFF'));
Insert into XE.TBL_MEMBER (USER_ID,USER_PW,USER_NAME,EMAIL,POINT,ENABLED,LEVELS,REG_DATE,UPDATE_DATE) values ('user78','$2a$10$kIqR/PTloYan/MRNiEsy6uYO6OCHVmAKR4kflVKQkJ345nqTiuGeO','사용자',null,null,1,'ROLE_USER',to_timestamp('21/02/01 12:21:37.000000000','RR/MM/DD HH24:MI:SSXFF'),to_timestamp('21/02/01 12:21:37.000000000','RR/MM/DD HH24:MI:SSXFF'));
Insert into XE.TBL_MEMBER (USER_ID,USER_PW,USER_NAME,EMAIL,POINT,ENABLED,LEVELS,REG_DATE,UPDATE_DATE) values ('user79','$2a$10$kIqR/PTloYan/MRNiEsy6uYO6OCHVmAKR4kflVKQkJ345nqTiuGeO','사용자',null,null,1,'ROLE_USER',to_timestamp('21/02/01 12:21:38.000000000','RR/MM/DD HH24:MI:SSXFF'),to_timestamp('21/02/01 12:21:38.000000000','RR/MM/DD HH24:MI:SSXFF'));
Insert into XE.TBL_MEMBER (USER_ID,USER_PW,USER_NAME,EMAIL,POINT,ENABLED,LEVELS,REG_DATE,UPDATE_DATE) values ('user80','$2a$10$kIqR/PTloYan/MRNiEsy6uYO6OCHVmAKR4kflVKQkJ345nqTiuGeO','사용자',null,null,1,'ROLE_USER',to_timestamp('21/02/01 12:21:39.000000000','RR/MM/DD HH24:MI:SSXFF'),to_timestamp('21/02/01 12:21:39.000000000','RR/MM/DD HH24:MI:SSXFF'));
Insert into XE.TBL_MEMBER (USER_ID,USER_PW,USER_NAME,EMAIL,POINT,ENABLED,LEVELS,REG_DATE,UPDATE_DATE) values ('user81','$2a$10$kIqR/PTloYan/MRNiEsy6uYO6OCHVmAKR4kflVKQkJ345nqTiuGeO','사용자',null,null,1,'ROLE_USER',to_timestamp('21/02/01 12:21:40.000000000','RR/MM/DD HH24:MI:SSXFF'),to_timestamp('21/02/01 12:21:40.000000000','RR/MM/DD HH24:MI:SSXFF'));
Insert into XE.TBL_MEMBER (USER_ID,USER_PW,USER_NAME,EMAIL,POINT,ENABLED,LEVELS,REG_DATE,UPDATE_DATE) values ('user82','$2a$10$kIqR/PTloYan/MRNiEsy6uYO6OCHVmAKR4kflVKQkJ345nqTiuGeO','사용자',null,null,1,'ROLE_USER',to_timestamp('21/02/01 12:21:41.000000000','RR/MM/DD HH24:MI:SSXFF'),to_timestamp('21/02/01 12:21:41.000000000','RR/MM/DD HH24:MI:SSXFF'));
Insert into XE.TBL_MEMBER (USER_ID,USER_PW,USER_NAME,EMAIL,POINT,ENABLED,LEVELS,REG_DATE,UPDATE_DATE) values ('user83','$2a$10$kIqR/PTloYan/MRNiEsy6uYO6OCHVmAKR4kflVKQkJ345nqTiuGeO','사용자',null,null,1,'ROLE_USER',to_timestamp('21/02/01 12:21:42.000000000','RR/MM/DD HH24:MI:SSXFF'),to_timestamp('21/02/01 12:21:42.000000000','RR/MM/DD HH24:MI:SSXFF'));
Insert into XE.TBL_MEMBER (USER_ID,USER_PW,USER_NAME,EMAIL,POINT,ENABLED,LEVELS,REG_DATE,UPDATE_DATE) values ('user84','$2a$10$kIqR/PTloYan/MRNiEsy6uYO6OCHVmAKR4kflVKQkJ345nqTiuGeO','사용자',null,null,1,'ROLE_USER',to_timestamp('21/02/01 12:21:43.000000000','RR/MM/DD HH24:MI:SSXFF'),to_timestamp('21/02/01 12:21:43.000000000','RR/MM/DD HH24:MI:SSXFF'));
Insert into XE.TBL_MEMBER (USER_ID,USER_PW,USER_NAME,EMAIL,POINT,ENABLED,LEVELS,REG_DATE,UPDATE_DATE) values ('user85','$2a$10$kIqR/PTloYan/MRNiEsy6uYO6OCHVmAKR4kflVKQkJ345nqTiuGeO','사용자',null,null,1,'ROLE_USER',to_timestamp('21/02/01 12:21:44.000000000','RR/MM/DD HH24:MI:SSXFF'),to_timestamp('21/02/01 12:21:44.000000000','RR/MM/DD HH24:MI:SSXFF'));
Insert into XE.TBL_MEMBER (USER_ID,USER_PW,USER_NAME,EMAIL,POINT,ENABLED,LEVELS,REG_DATE,UPDATE_DATE) values ('user86','$2a$10$kIqR/PTloYan/MRNiEsy6uYO6OCHVmAKR4kflVKQkJ345nqTiuGeO','사용자',null,null,1,'ROLE_USER',to_timestamp('21/02/01 12:21:45.000000000','RR/MM/DD HH24:MI:SSXFF'),to_timestamp('21/02/01 12:21:45.000000000','RR/MM/DD HH24:MI:SSXFF'));
Insert into XE.TBL_MEMBER (USER_ID,USER_PW,USER_NAME,EMAIL,POINT,ENABLED,LEVELS,REG_DATE,UPDATE_DATE) values ('user87','$2a$10$kIqR/PTloYan/MRNiEsy6uYO6OCHVmAKR4kflVKQkJ345nqTiuGeO','사용자',null,null,1,'ROLE_USER',to_timestamp('21/02/01 12:21:46.000000000','RR/MM/DD HH24:MI:SSXFF'),to_timestamp('21/02/01 12:21:46.000000000','RR/MM/DD HH24:MI:SSXFF'));
Insert into XE.TBL_MEMBER (USER_ID,USER_PW,USER_NAME,EMAIL,POINT,ENABLED,LEVELS,REG_DATE,UPDATE_DATE) values ('user88','$2a$10$kIqR/PTloYan/MRNiEsy6uYO6OCHVmAKR4kflVKQkJ345nqTiuGeO','사용자',null,null,1,'ROLE_USER',to_timestamp('21/02/01 12:21:47.000000000','RR/MM/DD HH24:MI:SSXFF'),to_timestamp('21/02/01 12:21:47.000000000','RR/MM/DD HH24:MI:SSXFF'));
Insert into XE.TBL_MEMBER (USER_ID,USER_PW,USER_NAME,EMAIL,POINT,ENABLED,LEVELS,REG_DATE,UPDATE_DATE) values ('user89','$2a$10$kIqR/PTloYan/MRNiEsy6uYO6OCHVmAKR4kflVKQkJ345nqTiuGeO','사용자',null,null,1,'ROLE_USER',to_timestamp('21/02/01 12:21:48.000000000','RR/MM/DD HH24:MI:SSXFF'),to_timestamp('21/02/01 12:21:48.000000000','RR/MM/DD HH24:MI:SSXFF'));
REM INSERTING into XE.TBL_REPLY
SET DEFINE OFF;
--------------------------------------------------------
--  DDL for Index TBL_ATTACH_PK
--------------------------------------------------------

  CREATE UNIQUE INDEX "XE"."TBL_ATTACH_PK" ON "XE"."TBL_ATTACH" ("SAVE_FILE_NAME") 
  PCTFREE 10 INITRANS 2 MAXTRANS 255 COMPUTE STATISTICS 
  STORAGE(INITIAL 65536 NEXT 1048576 MINEXTENTS 1 MAXEXTENTS 2147483645
  PCTINCREASE 0 FREELISTS 1 FREELIST GROUPS 1 BUFFER_POOL DEFAULT FLASH_CACHE DEFAULT CELL_FLASH_CACHE DEFAULT)
  TABLESPACE "USERS" ;
--------------------------------------------------------
--  DDL for Index TBL_BOARD_PK
--------------------------------------------------------

  CREATE UNIQUE INDEX "XE"."TBL_BOARD_PK" ON "XE"."TBL_BOARD" ("BNO") 
  PCTFREE 10 INITRANS 2 MAXTRANS 255 COMPUTE STATISTICS 
  STORAGE(INITIAL 65536 NEXT 1048576 MINEXTENTS 1 MAXEXTENTS 2147483645
  PCTINCREASE 0 FREELISTS 1 FREELIST GROUPS 1 BUFFER_POOL DEFAULT FLASH_CACHE DEFAULT CELL_FLASH_CACHE DEFAULT)
  TABLESPACE "USERS" ;
--------------------------------------------------------
--  DDL for Index TBL_BOARD_TYPE_PK
--------------------------------------------------------

  CREATE UNIQUE INDEX "XE"."TBL_BOARD_TYPE_PK" ON "XE"."TBL_BOARD_TYPE" ("BOARD_TYPE") 
  PCTFREE 10 INITRANS 2 MAXTRANS 255 COMPUTE STATISTICS 
  STORAGE(INITIAL 65536 NEXT 1048576 MINEXTENTS 1 MAXEXTENTS 2147483645
  PCTINCREASE 0 FREELISTS 1 FREELIST GROUPS 1 BUFFER_POOL DEFAULT FLASH_CACHE DEFAULT CELL_FLASH_CACHE DEFAULT)
  TABLESPACE "USERS" ;
--------------------------------------------------------
--  DDL for Index TBL_MEMBER_PK
--------------------------------------------------------

  CREATE UNIQUE INDEX "XE"."TBL_MEMBER_PK" ON "XE"."TBL_MEMBER" ("USER_ID") 
  PCTFREE 10 INITRANS 2 MAXTRANS 255 COMPUTE STATISTICS 
  STORAGE(INITIAL 65536 NEXT 1048576 MINEXTENTS 1 MAXEXTENTS 2147483645
  PCTINCREASE 0 FREELISTS 1 FREELIST GROUPS 1 BUFFER_POOL DEFAULT FLASH_CACHE DEFAULT CELL_FLASH_CACHE DEFAULT)
  TABLESPACE "USERS" ;
--------------------------------------------------------
--  DDL for Index TBL_REPLY_PK
--------------------------------------------------------

  CREATE UNIQUE INDEX "XE"."TBL_REPLY_PK" ON "XE"."TBL_REPLY" ("RNO") 
  PCTFREE 10 INITRANS 2 MAXTRANS 255 COMPUTE STATISTICS 
  STORAGE(INITIAL 65536 NEXT 1048576 MINEXTENTS 1 MAXEXTENTS 2147483645
  PCTINCREASE 0 FREELISTS 1 FREELIST GROUPS 1 BUFFER_POOL DEFAULT FLASH_CACHE DEFAULT CELL_FLASH_CACHE DEFAULT)
  TABLESPACE "USERS" ;
--------------------------------------------------------
--  DDL for Procedure PROC_BOARD_INSERT
--------------------------------------------------------
set define off;

  CREATE OR REPLACE PROCEDURE "XE"."PROC_BOARD_INSERT" 
(
P_COUNT IN NUMBER 
) AS 
BEGIN
  -- 먼저자식테이블삭제: DELETE FROM TBL_ATTACH WHERE 1=1;
  -- 더해서: DELETE FROM TBL_REPLY WHERE 1=1;
  -- 더해서: DELETE FROM TBL_BOARD WHERE 1=1;
  -- 시퀸스 초기화: SEQ_RNO, SEQ_BNO시퀸스 편집에서 시작 1 지정후 저장하면 됨.
  -- 실행방법: CALL PROC_BOARD_INSERT(100);
  FOR cnt IN 1..P_COUNT LOOP
     IF(cnt <= (P_COUNT/2)) THEN
        INSERT INTO TBL_BOARD
        (bno,board_type,title,content,writer,reg_date,update_date) 
        VALUES
        (SEQ_BNO.nextval,'notice','공지사항게시물테스트','게시물내용테스트','관리자',SYSDATE+(1/24/60/60)*cnt,SYSDATE+(1/24/60/60)*cnt);
    ELSE
        INSERT INTO TBL_BOARD
        (bno,board_type,title,content,writer,reg_date,update_date) 
        VALUES
        (SEQ_BNO.nextval,'gallery','겔러리게시물테스트','게시물내용테스트','관리자',SYSDATE+(1/24/60/60)*cnt,SYSDATE+(1/24/60/60)*cnt);
    END IF;
      END LOOP;
commit;
END PROC_BOARD_INSERT;

/
--------------------------------------------------------
--  DDL for Procedure PROC_MEMBER_INSERT
--------------------------------------------------------
set define off;

  CREATE OR REPLACE PROCEDURE "XE"."PROC_MEMBER_INSERT" 
(
  P_COUNT IN NUMBER 
) AS 
-- V_USER varchar2(20):='user';
BEGIN
  -- DELETE FROM TBL_MEMBER WHERE 1 = 1;
  -- 실행방법: CALL PROC_MEMBER_INSERT(100);
  FOR cnt IN 1..P_COUNT LOOP
     IF(cnt = P_COUNT) THEN -- 사용자를 등록시 1개만 admin으로 등록
        INSERT INTO TBL_MEMBER
        (user_id,user_pw,user_name,enabled,levels,reg_date,update_date)
        VALUES
        ('admin' ,'$2a$10$kIqR/PTloYan/MRNiEsy6uYO6OCHVmAKR4kflVKQkJ345nqTiuGeO'
        ,'관리자',1,'ROLE_ADMIN',sysdate+(1/24/60/60)*cnt,sysdate+(1/24/60/60)*cnt);
     ELSE
        INSERT INTO TBL_MEMBER
        (user_id,user_pw,user_name,enabled,levels,reg_date,update_date)
        VALUES
        (concat('user',cnt) ,'$2a$10$kIqR/PTloYan/MRNiEsy6uYO6OCHVmAKR4kflVKQkJ345nqTiuGeO'
        ,'사용자',1,'ROLE_USER',sysdate+(1/24/60/60)*cnt,sysdate+(1/24/60/60)*cnt);
     END IF;
    END LOOP;
  commit;
END PROC_MEMBER_INSERT;

/
--------------------------------------------------------
--  DDL for Function CUSTOM_AUTH
--------------------------------------------------------

  CREATE OR REPLACE FUNCTION "XE"."CUSTOM_AUTH" (p_username in VARCHAR2, p_password in VARCHAR2)
return BOOLEAN
is
  l_password varchar2(4000);
  l_stored_password varchar2(4000);
  l_expires_on date;
  l_count number;
begin
-- First, check to see if the user is in the user table
select count(*) into l_count from demo_users where user_name = p_username;
if l_count > 0 then
  -- First, we fetch the stored hashed password & expire date
  select password, expires_on into l_stored_password, l_expires_on
   from demo_users where user_name = p_username;

  -- Next, we check to see if the user's account is expired
  -- If it is, return FALSE
  if l_expires_on > sysdate or l_expires_on is null then

    -- If the account is not expired, we have to apply the custom hash
    -- function to the password
    l_password := custom_hash(p_username, p_password);

    -- Finally, we compare them to see if they are the same and return
    -- either TRUE or FALSE
    if l_password = l_stored_password then
      return true;
    else
      return false;
    end if;
  else
    return false;
  end if;
else
  -- The username provided is not in the DEMO_USERS table
  return false;
end if;
end;


/
--------------------------------------------------------
--  DDL for Function CUSTOM_HASH
--------------------------------------------------------

  CREATE OR REPLACE FUNCTION "XE"."CUSTOM_HASH" (p_username in varchar2, p_password in varchar2)
return varchar2
is
  l_password varchar2(4000);
  l_salt varchar2(4000) := 'EOS3PW6ZSMJZRDHK8OSGXAO170SZOW';
begin

-- This function should be wrapped, as the hash algorhythm is exposed here.
-- You can change the value of l_salt or the method of which to call the
-- DBMS_OBFUSCATOIN toolkit, but you much reset all of your passwords
-- if you choose to do this.

l_password := utl_raw.cast_to_raw(dbms_obfuscation_toolkit.md5
  (input_string => p_password || substr(l_salt,10,13) || p_username ||
    substr(l_salt, 4,10)));
return l_password;
end;


/
--------------------------------------------------------
--  Constraints for Table TBL_ATTACH
--------------------------------------------------------

  ALTER TABLE "XE"."TBL_ATTACH" ADD CONSTRAINT "TBL_ATTACH_PK" PRIMARY KEY ("SAVE_FILE_NAME")
  USING INDEX PCTFREE 10 INITRANS 2 MAXTRANS 255 COMPUTE STATISTICS 
  STORAGE(INITIAL 65536 NEXT 1048576 MINEXTENTS 1 MAXEXTENTS 2147483645
  PCTINCREASE 0 FREELISTS 1 FREELIST GROUPS 1 BUFFER_POOL DEFAULT FLASH_CACHE DEFAULT CELL_FLASH_CACHE DEFAULT)
  TABLESPACE "USERS"  ENABLE;
  ALTER TABLE "XE"."TBL_ATTACH" MODIFY ("SAVE_FILE_NAME" NOT NULL ENABLE);
--------------------------------------------------------
--  Constraints for Table TBL_BOARD
--------------------------------------------------------

  ALTER TABLE "XE"."TBL_BOARD" ADD CONSTRAINT "TBL_BOARD_PK" PRIMARY KEY ("BNO")
  USING INDEX PCTFREE 10 INITRANS 2 MAXTRANS 255 COMPUTE STATISTICS 
  STORAGE(INITIAL 65536 NEXT 1048576 MINEXTENTS 1 MAXEXTENTS 2147483645
  PCTINCREASE 0 FREELISTS 1 FREELIST GROUPS 1 BUFFER_POOL DEFAULT FLASH_CACHE DEFAULT CELL_FLASH_CACHE DEFAULT)
  TABLESPACE "USERS"  ENABLE;
  ALTER TABLE "XE"."TBL_BOARD" MODIFY ("BNO" NOT NULL ENABLE);
--------------------------------------------------------
--  Constraints for Table TBL_BOARD_TYPE
--------------------------------------------------------

  ALTER TABLE "XE"."TBL_BOARD_TYPE" ADD CONSTRAINT "TBL_BOARD_TYPE_PK" PRIMARY KEY ("BOARD_TYPE")
  USING INDEX PCTFREE 10 INITRANS 2 MAXTRANS 255 COMPUTE STATISTICS 
  STORAGE(INITIAL 65536 NEXT 1048576 MINEXTENTS 1 MAXEXTENTS 2147483645
  PCTINCREASE 0 FREELISTS 1 FREELIST GROUPS 1 BUFFER_POOL DEFAULT FLASH_CACHE DEFAULT CELL_FLASH_CACHE DEFAULT)
  TABLESPACE "USERS"  ENABLE;
  ALTER TABLE "XE"."TBL_BOARD_TYPE" MODIFY ("BOARD_TYPE" NOT NULL ENABLE);
--------------------------------------------------------
--  Constraints for Table TBL_MEMBER
--------------------------------------------------------

  ALTER TABLE "XE"."TBL_MEMBER" ADD CONSTRAINT "TBL_MEMBER_PK" PRIMARY KEY ("USER_ID")
  USING INDEX PCTFREE 10 INITRANS 2 MAXTRANS 255 COMPUTE STATISTICS 
  STORAGE(INITIAL 65536 NEXT 1048576 MINEXTENTS 1 MAXEXTENTS 2147483645
  PCTINCREASE 0 FREELISTS 1 FREELIST GROUPS 1 BUFFER_POOL DEFAULT FLASH_CACHE DEFAULT CELL_FLASH_CACHE DEFAULT)
  TABLESPACE "USERS"  ENABLE;
  ALTER TABLE "XE"."TBL_MEMBER" MODIFY ("USER_ID" NOT NULL ENABLE);
--------------------------------------------------------
--  Constraints for Table TBL_REPLY
--------------------------------------------------------

  ALTER TABLE "XE"."TBL_REPLY" ADD CONSTRAINT "TBL_REPLY_PK" PRIMARY KEY ("RNO")
  USING INDEX PCTFREE 10 INITRANS 2 MAXTRANS 255 COMPUTE STATISTICS 
  STORAGE(INITIAL 65536 NEXT 1048576 MINEXTENTS 1 MAXEXTENTS 2147483645
  PCTINCREASE 0 FREELISTS 1 FREELIST GROUPS 1 BUFFER_POOL DEFAULT FLASH_CACHE DEFAULT CELL_FLASH_CACHE DEFAULT)
  TABLESPACE "USERS"  ENABLE;
  ALTER TABLE "XE"."TBL_REPLY" MODIFY ("RNO" NOT NULL ENABLE);
--------------------------------------------------------
--  Ref Constraints for Table TBL_ATTACH
--------------------------------------------------------

  ALTER TABLE "XE"."TBL_ATTACH" ADD CONSTRAINT "TBL_ATTACH_TBL_BOARD_FK" FOREIGN KEY ("BNO")
	  REFERENCES "XE"."TBL_BOARD" ("BNO") ENABLE;
--------------------------------------------------------
--  Ref Constraints for Table TBL_REPLY
--------------------------------------------------------

  ALTER TABLE "XE"."TBL_REPLY" ADD CONSTRAINT "TBL_REPLY_TBL_BOARD_FK" FOREIGN KEY ("BNO")
	  REFERENCES "XE"."TBL_BOARD" ("BNO") ENABLE;
